-- phpMyAdmin SQL Dump
-- version 4.8.5
-- https://www.phpmyadmin.net/
--
-- Servidor: 127.0.0.1
-- Tiempo de generación: 17-01-2020 a las 02:19:17
-- Versión del servidor: 10.1.38-MariaDB
-- Versión de PHP: 7.2.15

SET SQL_MODE = "NO_AUTO_VALUE_ON_ZERO";
SET AUTOCOMMIT = 0;
START TRANSACTION;
SET time_zone = "+00:00";


/*!40101 SET @OLD_CHARACTER_SET_CLIENT=@@CHARACTER_SET_CLIENT */;
/*!40101 SET @OLD_CHARACTER_SET_RESULTS=@@CHARACTER_SET_RESULTS */;
/*!40101 SET @OLD_COLLATION_CONNECTION=@@COLLATION_CONNECTION */;
/*!40101 SET NAMES utf8mb4 */;

--
-- Base de datos: `pzdb`
--

-- --------------------------------------------------------

--
-- Estructura de tabla para la tabla `failed_jobs`
--

CREATE TABLE `failed_jobs` (
  `id` bigint(20) UNSIGNED NOT NULL,
  `connection` text COLLATE utf8mb4_unicode_ci NOT NULL,
  `queue` text COLLATE utf8mb4_unicode_ci NOT NULL,
  `payload` longtext COLLATE utf8mb4_unicode_ci NOT NULL,
  `exception` longtext COLLATE utf8mb4_unicode_ci NOT NULL,
  `failed_at` timestamp NOT NULL DEFAULT CURRENT_TIMESTAMP
) ENGINE=InnoDB DEFAULT CHARSET=utf8mb4 COLLATE=utf8mb4_unicode_ci;

-- --------------------------------------------------------

--
-- Estructura de tabla para la tabla `migrations`
--

CREATE TABLE `migrations` (
  `id` int(10) UNSIGNED NOT NULL,
  `migration` varchar(191) COLLATE utf8mb4_unicode_ci NOT NULL,
  `batch` int(11) NOT NULL
) ENGINE=InnoDB DEFAULT CHARSET=utf8mb4 COLLATE=utf8mb4_unicode_ci;

--
-- Volcado de datos para la tabla `migrations`
--

INSERT INTO `migrations` (`id`, `migration`, `batch`) VALUES
(1, '2014_10_12_000000_create_users_table', 1),
(2, '2014_10_12_100000_create_password_resets_table', 1),
(3, '2016_06_01_000001_create_oauth_auth_codes_table', 1),
(4, '2016_06_01_000002_create_oauth_access_tokens_table', 1),
(5, '2016_06_01_000003_create_oauth_refresh_tokens_table', 1),
(6, '2016_06_01_000004_create_oauth_clients_table', 1),
(7, '2016_06_01_000005_create_oauth_personal_access_clients_table', 1),
(8, '2019_08_19_000000_create_failed_jobs_table', 1),
(9, '2020_01_13_015059_create_products_table', 1),
(10, '2020_01_13_015110_create_patients_table', 1),
(11, '2020_01_13_015124_create_recipies_table', 1);

-- --------------------------------------------------------

--
-- Estructura de tabla para la tabla `oauth_access_tokens`
--

CREATE TABLE `oauth_access_tokens` (
  `id` varchar(100) COLLATE utf8mb4_unicode_ci NOT NULL,
  `user_id` bigint(20) DEFAULT NULL,
  `client_id` int(10) UNSIGNED NOT NULL,
  `name` varchar(191) COLLATE utf8mb4_unicode_ci DEFAULT NULL,
  `scopes` text COLLATE utf8mb4_unicode_ci,
  `revoked` tinyint(1) NOT NULL,
  `created_at` timestamp NULL DEFAULT NULL,
  `updated_at` timestamp NULL DEFAULT NULL,
  `expires_at` datetime DEFAULT NULL
) ENGINE=InnoDB DEFAULT CHARSET=utf8mb4 COLLATE=utf8mb4_unicode_ci;

--
-- Volcado de datos para la tabla `oauth_access_tokens`
--

INSERT INTO `oauth_access_tokens` (`id`, `user_id`, `client_id`, `name`, `scopes`, `revoked`, `created_at`, `updated_at`, `expires_at`) VALUES
('009d6e39aa073c5a9b41bc5c68d9b89eee20404bd565a3eb2c61da946f8b73c564d466f983b5b1fa', 7, 1, 'MyApp', '[]', 0, '2020-01-14 07:42:24', '2020-01-14 07:42:24', '2021-01-14 01:42:24'),
('01912a5b1b0c02d732664225519b46a8e998c8fc3c721c4f874c9a70078752783f1955f2bdb3992c', 1, 1, 'MyApp', '[]', 0, '2020-01-15 05:55:29', '2020-01-15 05:55:29', '2021-01-14 23:55:29'),
('0470daa84ca0dd71cc79d4a4e5a28acc98cb2b67d75f6e007c8e69f4f894eb5736404b2fc4b037d9', 1, 1, 'MyApp', '[]', 0, '2020-01-14 09:41:39', '2020-01-14 09:41:39', '2021-01-14 03:41:39'),
('11df9c24d86c242e8b857a976d1fd29b7e19295dd923cc8b1cdc13d9cb5ab0f46dc11f310f34406a', 6, 1, 'MyApp', '[]', 0, '2020-01-14 05:07:57', '2020-01-14 05:07:57', '2021-01-13 23:07:57'),
('1715b9e106a7153d41db1b1ccdf9183b934a22f7b74f2603613c6baedba0ab7ca9a7873bb0ef8635', 1, 1, 'MyApp', '[]', 0, '2020-01-14 09:03:48', '2020-01-14 09:03:48', '2021-01-14 03:03:48'),
('1b1596a94efd8c8655317a6ccc1c383c1ba83e552cc02691bec1b8c237da139834dc0bfd4a607782', 1, 1, 'MyApp', '[]', 0, '2020-01-14 09:55:42', '2020-01-14 09:55:42', '2021-01-14 03:55:42'),
('1c578be8171f2c3f4b3b34b1ef85a1f89c437f76f6ef2225a0159bce7d8307a3b10defe340583b79', 1, 1, 'MyApp', '[]', 0, '2020-01-15 09:35:47', '2020-01-15 09:35:47', '2021-01-15 03:35:47'),
('1e2eae39f56230d134dd769bd3d63586aa38474aec8f7cd479194dcb8e91e7a4b9d108f43e52ad60', 2, 1, 'MyApp', '[]', 0, '2020-01-13 10:04:45', '2020-01-13 10:04:45', '2021-01-13 04:04:45'),
('244888346003f8ed0069d47146c19e6fb7a9b1b9e8d73530c142c95791c1877ce36d94ebbe3a0fd2', 1, 1, 'MyApp', '[]', 0, '2020-01-14 09:02:43', '2020-01-14 09:02:43', '2021-01-14 03:02:43'),
('469a5a7b3de90641957ccf4c7fe4ffdccc126e72e0ec2361d80043d9c85f35b5fe0dc96c882f0c5a', 1, 1, 'MyApp', '[]', 0, '2020-01-14 09:05:21', '2020-01-14 09:05:21', '2021-01-14 03:05:21'),
('4970d37508521f9dd93e461af174ed6cb1d1e7aa2b6d9054ab9d724cc7375a59d44b3d17be1974ee', 1, 1, 'MyApp', '[]', 0, '2020-01-13 09:49:00', '2020-01-13 09:49:00', '2021-01-13 03:49:00'),
('6ad6ae9cb7818a70aad866d9346174e8358a3371c441c0aeb8d8170b7405c77aae25e996ddb8f903', 1, 1, 'MyApp', '[]', 0, '2020-01-14 07:43:37', '2020-01-14 07:43:37', '2021-01-14 01:43:37'),
('6ec73830f330dc90d3a855bb338404d473e77ea755f424d73cb58be621fa80752d844451a2a02b19', 4, 1, 'MyApp', '[]', 0, '2020-01-13 10:33:03', '2020-01-13 10:33:03', '2021-01-13 04:33:03'),
('7474b7b67ddf420b90a97cb15567568198649e83dd3a2d32b0dd121e8f024a728cfbc9d9ebff7e53', 1, 1, 'MyApp', '[]', 0, '2020-01-16 07:39:39', '2020-01-16 07:39:39', '2021-01-16 01:39:39'),
('831b16e8b7df99ad0ef4375568b1829ca5f450a66082a32fb7d9389e5e678710437983fda5d1aced', 1, 1, 'MyApp', '[]', 0, '2020-01-14 09:07:01', '2020-01-14 09:07:01', '2021-01-14 03:07:01'),
('8d525193f76392c09773c68ed84cf02c1f103423f970837340c2d2ed3b459ae1723bbffb08fc1729', 7, 1, 'MyApp', '[]', 0, '2020-01-14 07:43:22', '2020-01-14 07:43:22', '2021-01-14 01:43:22'),
('8ebfdfa989f2affa620203008051994cf73a3c672d76d510b87e780e121618d6c8a7d0854ad26e7a', 7, 1, 'MyApp', '[]', 0, '2020-01-14 07:14:10', '2020-01-14 07:14:10', '2021-01-14 01:14:10'),
('9aba13e7d2ccf9018689463810f073dbbde5e4099ca45444ff8d38a0cbf683818fc1fb8fe816359f', 3, 1, 'MyApp', '[]', 0, '2020-01-13 10:23:40', '2020-01-13 10:23:40', '2021-01-13 04:23:40'),
('9eb3bfb9365c4121f356e876442f83f646c68136dcd47e135670046a361dff1fde29d889dec595a7', 1, 1, 'MyApp', '[]', 0, '2020-01-17 04:56:43', '2020-01-17 04:56:43', '2021-01-16 22:56:43'),
('aa797054d3460c274c6de8334f94d0647dbd73e7b9f544c455a832ac4dcdda390c7a870ce0532b47', 1, 3, 'MyApp', '[]', 0, '2020-01-17 07:01:35', '2020-01-17 07:01:35', '2021-01-17 01:01:35'),
('aeab4107b7cbbb36ae1fb1f2f277b6fa939a33465568fc33455c644ae2f798d3906be523ea2c3192', 5, 1, 'MyApp', '[]', 0, '2020-01-13 11:08:41', '2020-01-13 11:08:41', '2021-01-13 05:08:41'),
('aebb586e3aa5958491650abe569a13c66525b105c6424f30432d6517d5351f8662b1cee8dcf64d48', 1, 3, 'MyApp', '[]', 0, '2020-01-17 07:01:05', '2020-01-17 07:01:05', '2021-01-17 01:01:05'),
('ba5711b6afd18f3cab326323c1236cd20b1bcc35f9f01cbfddb9eec0eb344630b36996f24dea290b', 1, 1, 'MyApp', '[]', 0, '2020-01-14 09:03:30', '2020-01-14 09:03:30', '2021-01-14 03:03:30'),
('ba8d9bba97520bbef10a3f747d6a9d901cb09833f5c3d592578adb73a65bb5744496ee15100f15f2', 1, 1, 'MyApp', '[]', 0, '2020-01-16 07:44:56', '2020-01-16 07:44:56', '2021-01-16 01:44:56'),
('c025abe417910f16474534a9e38633b6a6828204f891adc7b571f31275640d55043a5de5958ce288', 1, 1, 'MyApp', '[]', 0, '2020-01-17 04:55:53', '2020-01-17 04:55:53', '2021-01-16 22:55:53'),
('d2da40d8f6cc8eca5a7b7647f2850fd95981fcb79d1b50fb0a7c2a140bba8bfa349981668c15b3ab', 7, 1, 'MyApp', '[]', 0, '2020-01-14 09:08:58', '2020-01-14 09:08:58', '2021-01-14 03:08:58'),
('d394f25f05e96f0803ade30b8032b29c03fa8e58e8f5f5f55fac756431444892f1eb7a5c178fff01', 1, 1, 'MyApp', '[]', 0, '2020-01-14 09:06:26', '2020-01-14 09:06:26', '2021-01-14 03:06:26'),
('d45fc47d2938e4ed6da52ec68900d40ae06bd21b9096de8b83fb53e44cd96255c3c2a83f847ceb68', 1, 1, 'MyApp', '[]', 0, '2020-01-14 09:08:42', '2020-01-14 09:08:42', '2021-01-14 03:08:42'),
('d839be566646d1d0a25dc40172add6ff4abf2dc2c86cb1f577305c271321185b4efc32ab4fd13df4', 1, 1, 'MyApp', '[]', 0, '2020-01-17 06:50:07', '2020-01-17 06:50:07', '2021-01-17 00:50:07'),
('d84445a08b4207839385bb1952d51ec041ab2a8ec5603412c422504638f05780fc9abc82116c8867', 1, 1, 'MyApp', '[]', 0, '2020-01-14 09:05:11', '2020-01-14 09:05:11', '2021-01-14 03:05:11');

-- --------------------------------------------------------

--
-- Estructura de tabla para la tabla `oauth_auth_codes`
--

CREATE TABLE `oauth_auth_codes` (
  `id` varchar(100) COLLATE utf8mb4_unicode_ci NOT NULL,
  `user_id` bigint(20) NOT NULL,
  `client_id` int(10) UNSIGNED NOT NULL,
  `scopes` text COLLATE utf8mb4_unicode_ci,
  `revoked` tinyint(1) NOT NULL,
  `expires_at` datetime DEFAULT NULL
) ENGINE=InnoDB DEFAULT CHARSET=utf8mb4 COLLATE=utf8mb4_unicode_ci;

-- --------------------------------------------------------

--
-- Estructura de tabla para la tabla `oauth_clients`
--

CREATE TABLE `oauth_clients` (
  `id` int(10) UNSIGNED NOT NULL,
  `user_id` bigint(20) DEFAULT NULL,
  `name` varchar(191) COLLATE utf8mb4_unicode_ci NOT NULL,
  `secret` varchar(100) COLLATE utf8mb4_unicode_ci DEFAULT NULL,
  `redirect` text COLLATE utf8mb4_unicode_ci NOT NULL,
  `personal_access_client` tinyint(1) NOT NULL,
  `password_client` tinyint(1) NOT NULL,
  `revoked` tinyint(1) NOT NULL,
  `created_at` timestamp NULL DEFAULT NULL,
  `updated_at` timestamp NULL DEFAULT NULL
) ENGINE=InnoDB DEFAULT CHARSET=utf8mb4 COLLATE=utf8mb4_unicode_ci;

--
-- Volcado de datos para la tabla `oauth_clients`
--

INSERT INTO `oauth_clients` (`id`, `user_id`, `name`, `secret`, `redirect`, `personal_access_client`, `password_client`, `revoked`, `created_at`, `updated_at`) VALUES
(1, NULL, 'Laravel Personal Access Client', '2WVrXOnmWzy4ZfuVrsPZeXrwORnozNvketjlOl8M', 'http://localhost', 1, 0, 0, '2020-01-13 09:18:20', '2020-01-13 09:18:20'),
(2, NULL, 'Laravel Password Grant Client', 'faKlvRJTzBxHP8GCrwIwZOimjyZ4zRW83U2h0U1V', 'http://localhost', 0, 1, 0, '2020-01-13 09:18:20', '2020-01-13 09:18:20'),
(3, NULL, 'Laravel Personal Access Client', 'WoSlqoRE9qYrnYqOB68ua2FhaF21vgeY6UOVlgZd', 'http://localhost', 1, 0, 0, '2020-01-17 07:01:00', '2020-01-17 07:01:00'),
(4, NULL, 'Laravel Password Grant Client', '9OsspUS8mWpo79q591MwIjjScGgFTuRXDYYjX0gR', 'http://localhost', 0, 1, 0, '2020-01-17 07:01:00', '2020-01-17 07:01:00');

-- --------------------------------------------------------

--
-- Estructura de tabla para la tabla `oauth_personal_access_clients`
--

CREATE TABLE `oauth_personal_access_clients` (
  `id` int(10) UNSIGNED NOT NULL,
  `client_id` int(10) UNSIGNED NOT NULL,
  `created_at` timestamp NULL DEFAULT NULL,
  `updated_at` timestamp NULL DEFAULT NULL
) ENGINE=InnoDB DEFAULT CHARSET=utf8mb4 COLLATE=utf8mb4_unicode_ci;

--
-- Volcado de datos para la tabla `oauth_personal_access_clients`
--

INSERT INTO `oauth_personal_access_clients` (`id`, `client_id`, `created_at`, `updated_at`) VALUES
(1, 1, '2020-01-13 09:18:20', '2020-01-13 09:18:20'),
(2, 3, '2020-01-17 07:01:00', '2020-01-17 07:01:00');

-- --------------------------------------------------------

--
-- Estructura de tabla para la tabla `oauth_refresh_tokens`
--

CREATE TABLE `oauth_refresh_tokens` (
  `id` varchar(100) COLLATE utf8mb4_unicode_ci NOT NULL,
  `access_token_id` varchar(100) COLLATE utf8mb4_unicode_ci NOT NULL,
  `revoked` tinyint(1) NOT NULL,
  `expires_at` datetime DEFAULT NULL
) ENGINE=InnoDB DEFAULT CHARSET=utf8mb4 COLLATE=utf8mb4_unicode_ci;

-- --------------------------------------------------------

--
-- Estructura de tabla para la tabla `password_resets`
--

CREATE TABLE `password_resets` (
  `email` varchar(191) COLLATE utf8mb4_unicode_ci NOT NULL,
  `token` varchar(191) COLLATE utf8mb4_unicode_ci NOT NULL,
  `created_at` timestamp NULL DEFAULT NULL
) ENGINE=InnoDB DEFAULT CHARSET=utf8mb4 COLLATE=utf8mb4_unicode_ci;

-- --------------------------------------------------------

--
-- Estructura de tabla para la tabla `patients`
--

CREATE TABLE `patients` (
  `id` bigint(20) UNSIGNED NOT NULL,
  `name` varchar(191) COLLATE utf8mb4_unicode_ci NOT NULL,
  `lastName` varchar(191) COLLATE utf8mb4_unicode_ci NOT NULL,
  `birthname` varchar(191) COLLATE utf8mb4_unicode_ci NOT NULL,
  `weight` varchar(191) COLLATE utf8mb4_unicode_ci NOT NULL,
  `genre` varchar(191) COLLATE utf8mb4_unicode_ci NOT NULL,
  `phone` varchar(191) COLLATE utf8mb4_unicode_ci NOT NULL,
  `date` varchar(191) COLLATE utf8mb4_unicode_ci DEFAULT NULL,
  `symptom` varchar(191) COLLATE utf8mb4_unicode_ci DEFAULT NULL,
  `diagnosis` varchar(191) COLLATE utf8mb4_unicode_ci DEFAULT NULL,
  `observations` varchar(191) COLLATE utf8mb4_unicode_ci DEFAULT NULL,
  `nextAppointment` varchar(191) COLLATE utf8mb4_unicode_ci DEFAULT NULL,
  `product_id` varchar(191) COLLATE utf8mb4_unicode_ci DEFAULT NULL,
  `created_at` timestamp NULL DEFAULT NULL,
  `updated_at` timestamp NULL DEFAULT NULL
) ENGINE=InnoDB DEFAULT CHARSET=utf8mb4 COLLATE=utf8mb4_unicode_ci;

-- --------------------------------------------------------

--
-- Estructura de tabla para la tabla `products`
--

CREATE TABLE `products` (
  `id` bigint(20) UNSIGNED NOT NULL,
  `name` varchar(191) COLLATE utf8mb4_unicode_ci NOT NULL,
  `image` longblob NOT NULL,
  `description` varchar(191) COLLATE utf8mb4_unicode_ci NOT NULL,
  `precentation` varchar(191) COLLATE utf8mb4_unicode_ci NOT NULL,
  `price` varchar(191) COLLATE utf8mb4_unicode_ci NOT NULL,
  `category` varchar(191) COLLATE utf8mb4_unicode_ci NOT NULL,
  `laboratory` varchar(191) COLLATE utf8mb4_unicode_ci NOT NULL,
  `warehouse` varchar(191) COLLATE utf8mb4_unicode_ci NOT NULL,
  `quantity` varchar(191) COLLATE utf8mb4_unicode_ci NOT NULL,
  `created_at` timestamp NULL DEFAULT NULL,
  `updated_at` timestamp NULL DEFAULT NULL
) ENGINE=InnoDB DEFAULT CHARSET=utf8mb4 COLLATE=utf8mb4_unicode_ci;

--
-- Volcado de datos para la tabla `products`
--

INSERT INTO `products` (`id`, `name`, `image`, `description`, `precentation`, `price`, `category`, `laboratory`, `warehouse`, `quantity`, `created_at`, `updated_at`) VALUES
(9, 'asdfasdf', 0x6956424f5277304b47676f414141414e535568455567414141516f414141444f434159414141444778557a66414141414247644254554541414c4750432f7868425141414143426a53464a4e414142364a51414167494d4141506e2f414143413651414164544141414f7067414141366d41414146322b535838564741414141426d4a4c523051412f77442f41502b6776616554414141414358424957584d4141426353414141584567466e6e394a53414141414233524a545555483477774f4251596e6a4c434a7541414158626c4a52454655654e727476586e3048636c31332f6535316431762b2b335939774547774f77414f444d633772736f6b704a495553497057644b5263794c7679754c456a695046535935506b6d4f66484d63356470783469584e7379586273534e5a716136636f696854335665535173774344475741472b3437662b7262757270732f7170667166672f55596f6b594150306c42372f332b6e5658563164583362723365322f646767594e476a526f304b42426777594e476a526f304b42426777594e476a526f304b42426777594e476a526f304b42426777594e476a526f304b42426777594e476a526f304b42426777594e476a526f304b42426777594e476a526f304b42426777594e476a526f304b42426777594e476a526f304b42426777594e476a526f304b42426777594e476a526f304b42426777594e476a526f304b42426777594e476a526f304b42426777594e476a526f304b42426777594e476a526f304b42426777594e476a526f304b42426777594e476a526f304b42426777594e476a526f304b42426777594e476a526f304b42426777594e476a526f304b42426777594e476a526f304b42426777594e476a526f304b42426777594e476a526f304b42426777594e476a526f304b42426777594e476a526f304b42426777594e58685751323132424267322b6e666a43302b63515556535631494a42334866634d51434c496f415251786745704f712b762f376f337474642f647547526c4130754350786c65664f303759527363536b4147364d757736644466685551564233554e30706772726642534944712f324f524e456f454452534e41493646753049744979596353734b4c3439483855674d744e7374326d48494f4c4545416b6365326e47376d2b4862686b5a514e4c69742b4e707a46374a784c4d564156696747746f6f6957703676674768354941434d74617a536b5569534d42434e734c51513756716c432f51516e554f5a565a675857465230486e525256525a52356b5659554a685861326542575a41653042495947535050576456506733367532323066502f72416a6d7466652b3443555253414b6d7644455a306f35496c4839747a757076785452534d6f4776794a344a6b587268434b4d4c5170714276414e76395251544e3148674656785a516941565646424f5a6c784c4b644d556f616f684970326c4c5272696864675a37436e4d4b7377447977684f713845566c55644e477145774c417643707a6f484e4f554768486b41356f5a46564452554d74424931674d49686b436b6c32584c31366c7839314c51694346364d672b4b494a354e504779466644774c7979764c4978624c556a524152524747324d6143393065507a42586266376c66794a6f6845554453723478677558774144712f6f67595a37757235486f39574466542b3542637452665976356a7934725851594967456a564261696e594636534936677a496e4d4b7577414379366d5636584b416636496a426e30566d46575648744b74705270534d6945617052716a62517a4c524956524552416a456b4e6d567345314a72696132727435475151417942704b676f6365706b676949594d55544730445a43494536337154795a356e2f4b6f794b536970464c4174384550684d45776563516e747531632f4f564d363963316e59724a4c475777574245464961382f764839742f75312f6b656a455252334b5a3437645a553456514c6a4272486b6231704c7369363333637566386c45684746486159634247676b467449436f7468425a6f4630735030526c45356c5631446d5642524a62495a3370596b477a415737567a77497a436e425944587473436b53426861744d67316a516a4574326744795441534d416f475248626d4e677171565573516d52616843596b6b4252424761624b4b41574c45785368434e335143594c31574c454b5271426c444a31413641534331564c626361526c4c68516c3033784b6a554f7931736e4e6f5845795a70534d73577270745871454a6b4452446543554d664a6c45666c304b77792f417077656a4959627253696933596f596a684f65654851336e2f72695364372b68676475642f663449364d52464b39796e4478316a584857326348397a54586e2f484f754d4473626e2b4a625073765068436b725357514d4e68516c736d684c6f497651452b69694d672f4d4b546f6e77704b6f4c434173416b73676336434c3175713877697a6f6e43706452627571746f4d53475750434e4c566d62424f7357717861556b30784b72544444754d6b595244334756764c304b616f745267543051743768414a497a4e68612b6f6b5157774244494348745146687343614e4557596b74676d4245434d557745776d39794a416f574f744d46774d45496d37676532325474306b2b3550503263384c4a6e613856626b534a6b78453331792b795072704f616950454c424b474d79544a674c48744d78686559326c6d4b37333248505064426470686d30797757434e794666525a34484e424548793232326b2f493146306958695144415a445a6e737a584c6c786e626538377048623362332b30476745786263524c353235435469313357725a5966324f37413933795471745a6f4a697153566348616f42516c52626755684c6f515030464f316c5a4e326349484d714c496d796f4f51445875645563794b5047576644617866566a6c5862455a48496949546a4a416c47615977574139357048374f7447635a4a7973706f6a5647534d4c595771346f686f4e65656f325543304347444a4755396754537a2f31736d6f6830474c455351576d5635374d77454134526961416643664e74675242696d376c6e7a51573845516e474433326b41577253536f6371422b4a6a4b4e2b5258656f49314a307a7a4836516f553147313949664c58463139685450585433466835516239744d756d6d58334d643565496b7733476f2b754d6b78586d32765073323379596e557537364c51366843596f616d4a45686f45785a31717438477442594835764f427a2b796b796e653734664a7a7a78364a336a626d30457852384470383875597754696f724e7062745a6e45492b71793438344f487466695930494b6145496b5945573042486f71644a446d41506d6a636f386f6b754b4c414b4c714336704d712f6f496b346f7a41437a71647165565730446e56424d6c4b5a704f457a6a494e55456179324a746152713659515237624444536e2b6466727a4230466f5371365457456b7245596d3852624d6f343357413954686e6245435141455470686c356b6f5a4b476c6a424c4c3873694e364641454d554c6247425a62687344414b4d6c2b4d36346433437a762f756144574e55435370716d575579444a596e48714c703236335a6d4855456f706d6a44556b7934623558327258414a486c464b365449747a4130567230777443352f327a6b53496b78485856693578636555435564426a782f7775466d6158734a6f514a324f734a67516d7042314747424e6b356b6f6d3948497a7a37696a79586a386a3337794a2f2f61582f30662f73662f53642f7a726a66653771373868305a34757974774f334871776a4b78574e6f32634b343472394f34775a2f62724d5868374b2b7a7054734b66574d454a565456794e6e77626f62502f7073566d466559417859465752535242537536464d4543415176416769677a69733671366778435235424f597450574b453143697731536133482f4a585444466c485135755a676a5834384a453154456d754a56516b4a57657775456761477758694e316647496a555377476f4159416f475a5673685375387453314f626130474a5449517164536a2b79776d7a555a747663484c46565970765a37385641683943343739746e6e4c6f7668536c55616b67684d5375724e37416d424a542b78687068474449616a35696257324a325a70354c6c382b69616830766f4241454965505241424e456a455944466865336f67704c6939734b723452554e4444787541544874655a487955774b70794734633051455532675135585746474370634d746e7668555a6961596352753766735a6338577077476f327378544530437253316d45466d30424f4b33524f6f476f5674783136586a7068392f33566b6747743776372f3546775677754b553264764d44665451613169555a4c457163744f4b72684976424344456375474e5249496f53505a614f502b4b7759386d56717647566d487945496973696d4365525557524751425239724e4b737859315936715a6d3435473171726f6330365744754d53433273446a65496b7a45705370796d784b6c46784c445557305456736a4a59595757554d457146574145317441504c58456659306d33546a6749756a79316751417949734249625a6956672b2f7757746c686c493162454345476d7767644769624c76537a3166454c72426b646f55315a685746474c546c44675a6f3959796a73635168497854703655346234686c5a6d61654941684a6b68684543494b514941695a3663327a7672464b4b327178744c514e554f624649434b45595974644f2f646a72535549517563754e573749716c5773745a6e6772716d386d646446636135495437326f45724c696849526b6d6c3778753152316b654b595a6d4a486c656f4665666d324a44577a2b356161555636523750716965316e334c4f72304742486a4741786a6247636d496f7969327a30382f6b69347177564672784f3432556959525757664b6e4f717a4f4d472f514c496b6c586d4c624b704c6271416d2f3058525a69314d4a4f70396831316739344e6544534d4a4d414336364d52696362456d54764f5a697230584b744847485a5936612b794d686f7953433270425775465649575a3167796275783036675746354b4677664269515345596a42694f4847324c4a7a4a6d5466306e5a756a6977624d51525a4a474572454e7142304932456c6a48736d74644d2b4c6e5a475253627067534236396a6455426d4f2b6f794741364a324635746178717030326c3336777748724736744559555159527152705168795043594b512b646c46346954473270513054516b435a336633656e4d6b53557755747242714d63594e2f6968716c6447504a7144626e6148626d3530616d2b41455134444a62506e5332774159467a71746d5661585831696164706b2b6b51316b7a59524831595a32726878544b6863314f45476a6d61437847564868376c486530326165474c58573834586b73522b41326f6f476f625955524c375a5951477977444552736350316d44426f33653768385566435853306f5649562f2b41746634542f37344c476643494c6778365049744a4c5574745271714e6d7a353645424f66492b6c615170563961584763594478716f6b317046783167624d524430327a6379436a626d344d65444b774b4a71694579494547494d624f3559396938734549617a584f6c62353638506e4e306543737845776c4b337a61615a4f556170552b754e675641453142495963514e515574496f70685731435578417170596b6954467147493169346e684d70394d444559624449634e684831576c4662566f7454754d526b4f6e4a7073417134704e4c57455967676a64546f39573145614d59546a7330326c336162553678634274745474655935626351426932414d585549354f385541764e4e4a534b345a61664e6a4677792b684c4555725730532b626646617565336d38675175464b534f353971463451736470414a71724b356d76772f716d536d355759444a42556f5a386c79524a3769484a75516a50424370366b6149696d61636d667742466a456e2f386b2f38442f71357a332f3964672b5050784c75636b46682b664550486731526653784e307931684742434749576d7178456d4b74586b6e38485459444b3067594b6b3378386b624c61373249517163487a34774158307239474a687a38493838373035646f3356735a4b5a37524945676b454a426559364158766d78616e304e69554d48446b344741364952366d62696363447572315a677343396a745831446471744e7131574730546f4477617372612b794d4c2b456943464a5577524c6b69535949454252416850513766526f747a71464769386974467364437646584738697145495a4f4257354637577941464d72394c567131624b75383264516a62775533666b78525569565171634c352b4d64395165526751433235536f6a50496d6b354f473368362f514553505a37635a552f6b4c564b57506f7168793034426f2b4b7a72674c3934533276452f4e30314b6536332b5537502b2b653058535a363875463972556e594b3757314134593949434931524a6b705167554d4967774a69514a456c4a55332f6d792b596f64517a39664b764e6b573174557173456f6f5447686673616753524e674a5275494d7a4f475071445067596853564a4767356a5a6d566c45417549345a6e6c316d53674d53644b5530426a6d3568594967704442634569534a7378305a375042375870667239737265494e57464c4635303162534e4d316d53536b47743069766f714b726b4856416631374c32694c6e5a5970666643495349434d5779627743553153746f6f62656f44516d5a774d71725535687432637a755753445272573861533547624634336a35736f36367149546c483776633931736a6e2f584a6752325753516c3269516775544d7a3558736972794e765559727a51374a7656626961537861614448756331366172306c6c2f63733965707863763459456a614234465545494d4a71536a6e4f794b6b31632f473451686b5252674447574e434d3556664d425645593074414967454662584e7869502b737a4e7a424731576f7a6a4d645a616a47546167697270324e4b4b51734b6f785767386f746564495970614c433173776868444541516b535549514249534273476c786b7a385046344d32794763627a2b566e6a45656d5a66426e5375396f38572b75785a6544764278777865526e664c5539487769556e675a754d52444c47644c4e74666e6731334c5774326868742b63587161634e5649774c4c5a2b6e75462b6873576a743774554b3152582f3349776f7238326657776f74714243694766475a6d794f5639736b6249534d306f585374716c4a355038583931626d43705044586968663972716931535174684c556e2b492f76327478643374614151494d617155516235694647554e4c56596a58476d6941763253564c72744975436b5a4e4b333579666e614d664f6a5666524f6831757456754b626c39724a6b717263567331346f636361556f55526a69616375467a7830384464764478457a71542f616c526547707665584d575135794b64683866304655515168614c52375a656e5a3458756438724475336f475178454c5636716c2b324c2f78384e74456274425876515732772b6564346254775235564262575a70664a794a4f4f2f463468624c4e4e4e4d6d78464e48386f6155556b6871626c426c7031706e426b6b6c35444d506a4e50697676574b463049753937694b4761744361752b73454b6137576c416f5371434b69677a72783955715351784271415242674a684d753068745a65415563674f5937665971586458346858725266666d735848623679546b7676365261684652382f464a55774d314b756431646450794a3533576430645476705261314a532b424e2b73373874356d5a6f4234717278574272506d73366f5738375654357a307541503836536e4f75564d2b3932496369626946542b66316a30787172306d4b54326b552b77656674583467646b57785a756b777357612b79716c4b3838364961616b74756f756735705143756145525368466d35597758334a5156766b37584e4f45327a747279446348634c69734b576c4846327850734e5572566f724b69464944534567615067456d77324a7251596c50354d58503562446f6553724d6f48676a2b723131514666384647646c625a4f5531464937445a4c4368653851567a54326d767538465248692b45414b566d6b327335366a2b415a7836557738736a486455626e4c345634644764465632674b434a2f36756f417170645461526e7670397a37345a655a61327a316b797343305176484b732b527969584f4e5a70354e6f71324b775667585338714a624e55636d486b3535543645795850553178586d7252475141326a4a45324a77736f30383672485853306f6750776c6a516f377366673349394b736b2b78574c554667696e6942564e7773584a516a4e543941397355556754675a412b423541716f7245537531416e474d66654742417a53314666766574397439653774516150305256745342796b795a712f363549436e616f466174556b736f597044775a33644243706c526341792b62702f2f572f41372f694431363532546575725675334b72696d6c56455559566771596b4c5050774b6c66486d6b6c52506b7757447134466b616e5a65586b7543664b577a565141587a4356756c44752b697a726b36394e49644e6530736f4435634b6e434c7a715739584d4733586e344f34574641706946465847426339552f466a4f5a646171737a4e566364374c624742706d6e6b6a354259445072744e3461724c6938786e62693048754661507565736f426b3078794431547863312b57764e4f2b414b4434686e7969455366393675516a354e6e567a53684353616877744655534256587939794c6f4e4e614e4f646f314c50332f654b792b567638386e327a53356838694c6f307964354a726a577165734b38464e3531477930334531787a566231416c66744a36573078685431534570537064647a4e4b4c5830343552524168766a4645585a763951684d6f5655396267554252686f317566754a4e7a5667694b3230424c424b694d7a72564e3678463175677076417a56464a346d49566f46547638382f2b594866485370752f50444d624c506d337969586567436a4f385664496c764f5156757832786150694b6f53725a5078434c557167637238795873487a656b67704248306d76386f7a2b457135464e7a45744c74557845593275507a31494b6755576b576c4b54772b4a796348697a70546a2b73774a556c6143637632324e32436866522f64594f2f7a7650595968495230697a703769684e53564a6c74685677666e6e456866575931574843797343795045773574712f486e46702b3667765875546b53686f6d774d557a597536334e3333727654685a4e715457566d7059414f6a514159534d6f586b575158416b65756d2b3158334f2f766a2b6875436b454537677734745461717653764438594b642b4662717a5874336965374b71735849566347796950435a4d4254546358333733324c57546576535a314d72536a475752746f4564773076597853494531624a6c66577968625856446b645a367458484a5654336c6556692f48764d4d6d486c4c53694c795379313163516941497566443637634a696b39424e4c663579794d55355a47365563324e536d50306a342b4d7362334e68495742737171344f5558732f7734322f597a4c2f382f47572b634e6136684463715742466d35747673443556766e72636b424968527244556b32564a43707a4756744763326b566a4e50484250485875494f776c33746143494d466c676c41784e344e4e564a656f655361764f552b4a6d3647795774706e4c73356977637257625768656c2f4652546579646468315876515230546d6b4668656e7363414e6c634b3657575536536f3956303265596c6175363958613546715863716b4c3158656f386f56534b5775676a4f56537036694644775666716a716243682b397a573379696c536c655335693170785966574a566361705259424f494c79384e756261494756746d4c4136556d364f45773576616e4e6f7673552f2b6678564c6d34492f6467796a6c3236764c2f36396930774850504c7a77354978753775316971377467697846645a484d4c596851534249414d5971675246536131336366576169324379566d4446354f486a47675a5476775972496e6256734e4d4e644c5367476d704174494939565255306538504348344276794a64547573323976656f53426b4158675644554a72374371655a42724d506e50452f4f3756693531355a6358352f4e54526f745654516a4b594b4a63514252354c57735a636971447369416371383952353073795a72573846795668363674467553447876494e657368696f532b72387a766e4156387177374746714761664b4d4c554d5531676270327a7142477a7542507a6579367538764a61794e724b736a533372696558427a52456650446a50502f2f394735786168545252314168784b6e7a776b525a376573724a6d33426a772f454f49714662687947474f48586b74516c4d3466457957643369314157554751476a536d69556a68453641657a6646744274686378314459756467416532746569494938647a3872534d484e4d5570662b6e31642f2f4e48465843347244657859346457345a59457956433663634e5670787678567a736f673379314a787255336f777a5747322f63516c47367a6b742b5161594c42457870567a326e56512b457a37376e4c737a52727976726b7166444b596e7868344e323778684557745261746e4f594c6f72494a50416e6f3361633065567862474a506c7156536e4161537168466d436d36764468483573575938747132504c65707a79364a594f73775a2b3573514b567763754c2b5a595857374d397832593454743264666e6f7154366e316f797270687662624f6f4a73536f624d6354576d514f41793656684d6935435159783477737353474a65454b4a53554b424c616f64414a4466647643656947384b6244637a78306e324670786a446645575a4479774e62326e5445384e6666706f7a5446644a306e6348344a6a4f744a517950462b3367744c75384555324330476755723059594e314f4e3865624f36717a4a5245536b6b4450642f6767714630795655334a564f36675066312b4f61455559655a704c56636e4f7a736c4c4b63324236754b716e42536b647165534f437a6a43484c686f2b586a654b5372544e6f422f694e37756b5032753554506d612f5251495245495532566b62554d4537666d59557337355054716b46665745395a6979396f345a534e57306c54356e674e7a58466f66386539653347436b6a6b524d736b6465364558736252744f72696a72696275374562632b77325a3548557751454151757634614b6b435235496d4568535630654348656d705255497663416c47746b784a32795a452b593645664d7459584d76344c3635694e62634c442f35726a6164794e494a5977776a4f6b4843596b7335747530556c396650737a5a63596533615453365056396a5a2f544e63584476444c332f3970396849527152327a4467646347547664334234782b4f56666c4271627071513857563347753536515a46313958484a667a755936752f564d614b61686570364a6b66784734587633532b767a6e3655446b63746944562f4d71396251575749636b6e53356663756b72465548714a6361465633643162637159585a35443947315a4d672b444c52435257626c366f77796a694151576f5a70705a4272505154793848354e754d303552506e4e72695a48527461364938734278644366756a77496c2b354f7544334c6f3664367a4a37674936424451754a436874577349686a49464f584973386e5134304261353057554b6d764f73485143705232414645486473324564435044362f623247424f77324136596263466979334466664d696d4e767a586232365432674670756b61637244456562374155486548367a564f386376366a7249357530752b7673685a76734750784542393534692f786d312f2f703579382b5170574264575549417035374d443747417875634731774759494977614a694363494979566676466d3259547a6f61697a5961786173557a757568516970495742376c6c6870414d56527a4778742f494665766d654c7377492b457146785830317a3863476c6634457a7a6c68543331436b615333456c57635268377634563870522b627646585267437164594e506c4e414979364f5561384f5551577270787a61622f533237657946484e3366346a56665765476e444d6b6f73466d475957455356483330676f4958797057734a672b78354167527268563032397a674a457067737a3059355a6f7749596a526258364959367752686b4b6c666f544573646f536564646d327579484d525961444d7947644d4f44374835346e46574532676d3567615a6d452b5369674631726575764d537138507272413975734c472b7a4e6e6864655a344d36613768562f2f366a2f672b7641366733684d596b635949763743322f344f35323838782b64652b616872627731497257562b5a6a64574c516b7042495a4144476f6843694a6151597431485a636d6d4c574946534c54397062596c79383961343278496f31473861714643376979315a4656626d45334461564b5870334a367478444c5465616430332b765572325a5956375151742b6e454b31307557643348656e2b5754635130372b5a51615678513234564a585957735a57435943354b4f424366387956516372494b6d75785a5a685968716d79667a626979613164766e79317a3663756a306b556c36416e7139707274776950626f6172592b584b3247584e426d646d74457932365135435941536a7055596b52724c6b635337694d65635242457349644149774b444f42346443386f5257477a4c634335695044584752345943466b715758345330666d4d535145784667646b6951624c4c5158455952752f476b7572622f43706545362f58694e2f6e69566731756635496b39372b4c6e762f7a3375444b34534972464c584b7862462f637a317a59342f7a61615159324b66537062746a4347494d6c4a6f6f4d615770636d6a386744504f6356306f72434445534572554335714d6c6574454d74726544782f65386a666e6556686136383879326c39697a366145735559316b3853415a522b453861544649664c754877783848643732677944534447456876526477566f6466314f62704345745a6a4b616a71374d5742477457586d7971357a7a2f6e4e334b2b735043366971666d56474d74596e55623443525a707133594f693667625954465673674c4b77504f6269514d5578696d796a42783665344f7a456138592b63737a393463386f32625754364c584f4e516d4738352f306d4b4d4d6f436f6452416d476b6a2b644a326c306e62755663746d6d30336b4d65634b45615546684159434933625a4764484e384349635039436930367278557a4c4d4275367a586c6d416d566e4c344375737157544d6b375747435562444f4f62444563334d636b524e744975587a6e78623167655857596a336d41516a786b6e413935352b434d3873656464665062304c334678654d594e62424d6931724a3930774d6f4b516c6a58466f4f6b326b496873433055485762434b6a334573566b477734707a495a7a524f30355a734a3532713065683759657052764e3834344866356a5547476262533879305a356d4e46706e76626356734f73696a4239364e456665735a4752317365512b6d784463657a61676d69416b33387272396d72465053416f42495659764a5562667244527045765175396233664868327663716b2b37446b49577252516a6d665566646b5a42645a565159706a4650724e736a4a434d477868653374674533746b4f6558683177654f6c6568716a4c4f6b6758664e784e78624650494b78734a7a793748424e6e417a6f4f4c42716d62445930596b425351596a316153645a6d506e2f7242454f2b38745771496c6e305643544b584168746738765861554c6d6f6f436c5473424d41422b356635346f644f5a4232316769457271427939693966326156576337524839316b76622f4d396545792f66454b7334632b776f3231792f7a576958394750783079536c49735177786a50766a595832644c64782f505866734359316e48576f4e7143436f755667474c4356784358694f474a4856706441307555612b31325370674e515242534e744574494d5a41744e6d392f7842776e61586d57694275665969537a4d37324e546279747a2b3933482f7272665161382f5243587445515a7367694441596e6a723876646e373147797050666776314c6c3062666e4634332b6376446535346a685774664730554c4e584f2b3536515a4739766868497979444d4d6867713577544b344b644d6657614b39315072416b56724f6754346a4b4f494d4c4c4b4d45314a3161566153785553363637623067345a704d70587277395a53787868614d6d495241577a32476170485842396e484a706c424b5337342f70424e5134657a695443625263514f527034363074517a6b73454f6178415a6c476b4f65386e492b45765431444e7a4c30516d456d4547596a772f365a6b4c5978664e652b65564b4679435145704b343537515a7a555543534b71333479367973586558383643596234335532786a665a4d624f54647a333459337a70394b2f7878664f2f6953556d53795a474b49596e376e73506732536461364e4c714269736a5167434a6355554c57794d347757734f6a656f39546764724e4979427445574d30455036444466326b51373748466b78357552734d4e6964784f7a6e5355574f677673584468494a357a687a37333162784f59694441494d5249675972427043713146746f6955413537534d2b5843487967325a4d70716745793866616d5177766c6146504a77626d556f6b71396b76724e773177754b5450776e437459554b64484b644f38465431456f416c4a785a566143726159556e5164736c705a43575a61695842386c3342696e35534b71374c72514345737478776573784a5a2b6c6d41334e33634d626d577169424159517951323230444844664a5570654153334b35614c677737454548557551323767527479327a6f426a79344b4d36485144517939304f582f334e52794e7669787a523065574267424939534f474b6439787645714c653241486d4a6c39537463326a6a424b46316e6c41775a706e32775939363437794d45736f6d506e767858624b52724a476d436b5141724d613351565337576d4667536a42474d477178434649534943624a354e784f2b7868615257586c3853467536524361693035716847387a524468665a4e6e4d66726244485777372b4345466f3645514c394b4a463274454d4d3945385564446d67362f397a78454a4d76656f513671752f46347735776b414a7751636635716e31702f30434f48584d7a756f36746268464e4e4752596e307446422f4f7744526f6343646c646f71773930764b427a476b4c76703679344b4b654d4f704b5a4a75424e384a79666c6e4b615632614d61436c56654232342f6a545172772b444d316143496d58436542306b7a466461573852723538713951684661323835596a44703161763952794f5477507a4c5659614564305136455847434c6a7a49566534494b4e486c79497547396d6738514f536532494f42325370414d4741384e5336784575723737417335642f6c5747367874694f4761644f614f7964665a6774632f667879756f334f6276323557776c6259536f4a5451526c6e473243316a6745674f4c5941684956624871334d765757726350534f374356554e45514542494f2b6979593259666e5661505872534a3257694a6d645938657859655a4b3631784138392b546470527a316e436f52746f71424c6b4f3163646d7a66647862684c4f58475454627a73786a5557764b304d37343161437676725977354b614a6178653177446f7131546a4f4c52304d365255597a7963784a5537786a747a6c54544a6f6b694d6e626f744c467369764e5345545371526b4d582b57342b77574665362b78434c45665a314241617a4d416d56415172775056567a44577778335564344e366e524d77526b6a493170446b5a4b5a564a7a6a5561524564493067456b58484349444a43533243704657425144733146334e6472305172632f6f4f42614a626c3230553437756d6c4c416258536579415554706b4e4271776d6d36774968483362333653472f32727648446a39346a54445a7756357459704c4c6133736e506849667278436c66377039444150617572592b706d5133456d5143746f5a53614c6178732f50354d6a37797847494a4b5146684739614245527737615a76527a62396b626d4f6b764d744459783239724d6647654262624e3732543537482f6474655a425732434751466f454a69305331714c4a7638364e5a382b5a72577a7865514e4d6962562f42442b65716e5a516d7053744c386864647a58446c633969356c6d46545472333849754d6b3463442b41337a7155372f4c316174584f585434595637333142735944507073624b7879382b5a4e5643336e7a70316e3936377448482f684f43645076735433662f6948326239766637484558625553697a75796c6e534b692b74566a377466554c676c79346b7153556c4d2b6e616d37375a302f306a75706642657148696669756a4d764a666c3261777962734b664d517a5145706675507851706474754f4a424d4942447935755a507434654530414c637a6c5358495848507a516379514461796d4a456e433043616b4e6955557739615a50567a644f4d644c4e7a354e79706a55756732476a6342637549546159347a746947467945355573576c477432794d7a7a38596b41574a436a4b524946695770574e516d714c72394f34774b415348477444455330544a7a74494e5a4f754573542b7a2b4474706869356e57416a4f744a5871744f655a616d7a46427842734f765a3833386a3045456f47596f6832744f685771485862397431572b47514579626b42764d62494b6a554b3856356a6e4b785779425770354e3543384c31545778446774782f3031526a68373967772f2f64502f44343864657a326a6a545765656659456a7a337949422f37324f2f772b74653967642f3431562f697a4d564c6e48336c4e456466387952502f2f3558585144576b574d4d317674457255356851766c615a6f614e314b5a70594f367337465a774c77674b393570536365477a45344f2f4a44507a493355666175595645496f4d7a46342f792f694a4d6a3669544e626954747a55436c6d49417266304f55394b6f525a4c6968464643496859597852764d4c4a6a456b3277316956416d596e6d324e54647a57713878757277484a4276394f762b363568324564526b6a4f444551494261673543535a70714e534a414e4644656f4c49706f75587a655345416f48566f435964416d4e4c4e455163543232596377456e4a6f38787534622b6b524f744543376142484f357768436a75305441386a416538362f4d4f4978776934746e47376f5966476454464835746c4b304a72667a4c356e754469575a5a374b5454462f627061737661737862506b394d6d65304d63586d50726e304e746c78315477786a574e5978364d68673247665058767559382f6566625462626336634f304d51524c5443694352786462393237547233483377496b3859634f4843496932644f73336e484c6d3763754d493733763264624e7538755a49777839385147615576676152336f486630586841554143516742596c557a436f5677716f65664f58763956454c7553373131656f3756362f76467970787a446a747578326f634b707458765a733550627a57426c6459355375595842754e694e52706a62486b455657476e4742514a4b526c7537476275734245556a74474a45595131434d43794f42433349794c627268497531414d4b5a4c614e7045707374386578754359652f4359525936663456323649363367693547516f7878377348396d3438346d37795361743833417853563347325974576d57554c666b694b5757764b654b577442717463337a6d416376384c3577533076706e58446654574775584c6c796b53316274395066574b50566172767445744b453832664f7372697735485a36543859734c6d356d5a66556d5964676943454b3368574959306d3235545a62584e31625a662f2f39424d627065464572496f786174466f52323762766f743170632f46696e392f366a6439675a6e6152783438654a55315439387835746a525834384871706f4f366350326c327a6f592f6a693436775646316f6453636f30696e354e796631664e32566b6e492f4d384650564f586855786e6c4d6b54374f576e5a316f776a67646c7678464e744f57472f366f55386b6c634c394c4c703745735a3641596a46533576685555686351525951497445795875665a75496c45694d306351744767485858726849714870736158585a5748334277684e79776b41435a77476b4731664f4e7465594c6139534756753170784b6c637233497564564f556e374a6e366d5956566a44497157796a6945636d567270694e49396351694f4d32354a59723359627a314e61566d6e776e4b4e4558454d42787559497a62502b584543382b777572614d4941784841776144506975724b347847497834343941417676585353494167356376524a52734d686d335a7564656b504a6144566176483434386534664f556145725a343333766554704b6b664d6433766f2b352b5356653938515439486f7a484474366a462f376c5a2f6e497a2f7767337a6a61312b6d313573742b6f466b3756626f726b4a2f59666b4d7875733364777275656b47526a627245717361426e7944583479564c46316a6c7038704a576a6d375a4e414b6f534c654c4f755261766d414e77583956374c715775534443724b79737539694d41535937505645706b556e6e4365554e694b47774267436951684e43776a59327476427075353375676842453961456d41766c626758743747755a6e6475646c732f53746868386b75325a575a2f6c4b385266505574586e7143326b6d4b7779676c4e6c4a4e7643357872482f6c3942533565504d2f4334684b72717975677970624e57376c3835544b6472754d306b6d544d374f7743313635643573715669346749472f30422b2f6264782f58724e7a4342595831396a654667794573764851637848447834694469784c433473636648534265595846706d66583044564d6a2b2f53424345574b74382b41642b6945366e78397a7348442f77677a2f69444c6f67784b726c304f474876566e42385646486a6a334a32766f4762336e6275396d315937644c61454e75667059477271717569615a2b30393078754f73466862574b745351694f67714d4c774a4b55364c714e733337516137612b746d59705a722f6b61494c65454e42436e4e4149524d4b4c6a4a4379444d7a35584f6d3233786f4a707168473051454572707759676c64554a414a4d574a5961432b364e51372b396c326557394349496368655a57455961466c2f3930786165484145725a525438656c494c6b616d685254352f723679386570354f2f49326c4871376b4c654c6b43597856363563704e5875734c4a79677968734d542b2f794d72714d7231756a35646665596e75315334325659624441526375764d4c5a63326435394e456a76507a7961617931484433794f4464763375546139657473336271462f7142504745596b385a686b474c4e70307861364d7a4d63506659555157446f6444726364393873496f6255706e546148597749595243574a705549573766756348753771424946556661636d57664c576e7a4270776f50506667592b647477377532533850617a6434764968727648375234566633546339594c4343496752477868764d5934495a3835645948456d596e487a64693861727851472b586e355562777a536d3948315434757a4a6c73504f645269444e68467a4b685941714e7752517a36464a3753316e6d524259707265614d794f536239633470325076614d326778572b666e564d4f49366e754c54444f75716a74656543702f64597375637146524f6f687a4c6b6772676a582f315a694131645556726c7739796662744f376c78347a4b7056613564753053614a6c7938644a6d48483371454630366549496c485050546749327a5a7370324c46382f54365853596e31394546586273324d58323754735a78794d4f3748384161355648487a6b47496d3444614846624e446f724a6b2b5a58777250777658714c38637657577238586447304d6c4755725a4a762b5643736f366d3159624838554f6b377958706e626634443934436779435a524b31494b43684868787471517a332f6934377a6e5065396b3034343933746b3175396f2f774a546835433047717071656a7469495445526b497539347272396f5a61424f6c6c757a2b2b736c3141524c715247566f71444d744655544e743541714a5a647372586c41506332477337646d345855714171574d7279357a476d7057676f382f3763674347683375347a475139493059585a756a746e5a4f563535355557434947443774683145596352726a6a314a464c6d51363731374470436b4b5a314f42784f45524746593831726c31584c3373706d627832725a3170722f586f74363074717a4648583274686b737a64627179796c4d746c6f2f4b6353426b753946756748772b4b4f482f75434f2b7972445853386f73706e6434694b4e334446726566442b76597847722b5733667574332b4e4248506b52336271463655595969716135572b306646584d6c6370316f627a7635594c745049536133445a615870354f366170634a6670724848767a597276377a496e2f306e4849664630664b332f48772f61553456785a776f745766324e4b3979433857797a6252794636304d48414836677a3674714d57545437794230576a457773494337586158317a37355a73496f4b765a7246636e332b36526f664f7476486b54356769756d54304573615756446f3377645444554a554c5a597a6d7574496d6670464530727a315a61466233543365704648304a54524e622f4546333256596d37586c4334315646715163615a2b676669416e346565656741323763755955327447535a694c5372397444686544495a61687533363250586a41796f4d662f3662694866547247506e766e685055536d6946757677794e4d4a693841545075577a3150694c796d43614c4674717847576864315669487170506e6965747a77763266446d6f517166645a64664f6664564d5961724d7a7335562b4263673277753258734571555672514e336b7369796638796e31454d753747577a566242475a565736593031377a6663704e4c692f7335723947747a44492f435a464353715a5233496d3438304c452f6f67517356694e4c57363952784631475a674154574670635a34677a416972484a7154635a53713562537956536f442b5a616d5331554f5a50587977384d39506b4372516d6279706c526e4f7233466552564f59484b666b444b6e742f64624c514676476147717465757144316774336563327647637466716c4b7635776e4b4577446e61434779372b54742f5965567972336d326a413470335757734c7a4168556d566c596e572f463256667543553271636c307139736770465438746e63624a44556c4547742b784d72334c6341344943306e686b6761457633774d52576f4662304a535455645575577171726c664a7149373577445262445150434868542b59437457696d4c3672506f5770716b7946547179573763723072764745304551783262664b486877564d38692f66383331575474623634584c7849306d327247716d6b2b30307651586c313962614354544e4a76634c436f356b476f5a645246577634305552466156477335715752504530397a477862326b70497a4c6656553045305961713742783677642b64654f754678525734656d6e45315856555445635256685a37354d6d4d5a315735424669557a5949456d2f67356352672f7156696b705a43714c495a734865304f4f59745a367a3747664b2b5851776c582f4f5165716e354e564a30314370703663366f57732f5641562b706856594873375061744a527056646b335757713273612b6635394d337234706e4b7a5369545057764a4169614a70374c415665655656386f706c4f76724d692b516e424d746c4878562f7a2f7175314f3555342b593150584c504e6e4e6a6b2f67554173304c3944356354644c7968553466732f7342307930775063692b35314f31674a4f50374d31326b46302f5842736b4e6e2f2b58397458614f3331397661515634536b4e316a773333755870644e6f685553344752453368542b726d76714e66766e77733672365436585970765569394e4b4b496879324f2b327543355a66427a654772394a755573724a6f4a4879304569692f41585a6936567a62546a5364666d367272636b554e5046366f754a4e4d46784e35704b6766624662496c73715a506d46636d777030736c7a4864786751475973776b6a745555747a31676949306869767243574c4d324539494734594236344d6870383964596a51615464456c6f4f785657673742757247636f6171695478626a6a2f58536c567036446f714d3331493956686c33367631583455363848337972706e6a657650375665546a2f584b546d6c326c44714561782b4946636e6b656f754f64556b6563333071512b497a564a57327a365846796935616956573777706a356a4e6e31653875685542632f6d7a466e66574c4b74597a61303156622f306e366775514131692f495678453355646f544b3449364f7475426538486934665043495a6d516c46327269566d387363656577524a4f704f7562432b6f59382f393157394845684e50476a654861766b594a6e586f73704b614832775a6449735a39635276785170314a7170316e6646666545502f724b517575465446572f544c484366344a527133636d646865557a4667614d3447326857452f30347a327a2f39684658625053315473667231324b706862502f65527a515867755476565038535177534f366638657057385a5a6f7263363175767039704777485a3878577431365167634b494f78523376555a684e522b754d764a6661684159586e6a78464a3377316f54614a4d56592f7953315142332f796d6c6b58546c7256745461544e5551547a685649337a794f2f6f7a586e354f2f5437697a66593155714669486e6d45585958457539587a544e4b38685a64676f6d32387a336b31704d714e6547524632574b5a4e75563744695a58394e617955785179752b374e714a6b6c4e594a334b6c564256585236786452753569707070474b597570624d65596c634579316638734149347a74546e3767484245557243484958584c6278696e745667634262337651365a686133736236324e6e46646157763748454a563251644b653771714b356346315159706c4a32764748372b364369436961714a653758346a5675536c6c37337074726c4a307161754761365454354e534261362f4351543637644f765871653237504f6b2f674373787a655772524e66647644536664786a5a765275763971716c3870457869656d614f6c663662775470574e79445268574b5766616f497746315a4f634177555975355153584858433472384d525647767271347374376e35525050306d73625a75666e70312f6d365a6154677a427a65326b35762f7172436f756a2f69543068374a37362f714258786b4b736d31535a4a566e467a4c4f797838782f5635357649435743563771543670546849746b376a39767457663279325154316d39664765576c76565553764f34336d5469574861304a7959724b37354537767350614e794d6e5738787273786f355770644935573231656d794b5a38532f4c6a747a4c56556232366b61364b736664373267324c567a506e2f6659333974773079767839554e35664f662b4151687463326236677042706b625731644c69484a6e30576b7875575a782f712b6f6d4658316c6d716c527656464633532b34773772727066494131546c5566494a4e4a322f682b544f7a502f56366c494b6d7a4656524a53447262564e562f645758733257725a4e6d76796b4f6530505753344a526b68425350586c484961753156314c54347652715234556656696e2f75784c75596a764a743172553437373234652f53784e745647554c78366b513345636a38466853675133766e324e3749654c584c697557654c586248793337302f326563704132614b577079666c6a50355a6565726c2b2b583538316b6b307046355a786367314666572f442b5646324e5a626c6c4a4764644f6b685237587175522b2b32336866505061693264744b6b61654875365a306e5868746c49377838444f2b5a53696c596d2b6d3939684c2f326151516f4857766b6e756b346b314d764e4f436238714b4c6b32504f7446624e4f35453239527236502b5343626d68516578306a664c566a3776663635464259467a7534536573443061634f6e36636437333543635a786d542f79467463576e55597232354a3735397a437456683872466b49396457655a642f324f6e4b784a3451332b52655a6b2f4b4c536856356d673554584a732f6850704f676e4c477265726d76706547387535435a6647622b6b5371783833552f424c354d70524b55666c674c4f49687972474e6632726c4757704e57545842797173713754424e4d4259437259783646597255505758706d744f6e33684b77374e3256653944367a74307157314862716e706a324f6e61626e786e4f6a377543593069432b6f6271306f78766f4977354a577236337a3555353969706d32714861366d7566767a6b472b50542b2b6f556e6234664151707865704c7633672f71694566372b556d5154704e4874574e6e716d65436e2b67314458647169747a656e7356336f66384d667941424b2f73764c7a6975573956486d56614f372f312f486c593673496b653771616d6f542f4975722b6b456e2f54386c626c4d4a7963686534504153387a676456586d52465535544b63514753654d532f2f39532f352f6c4c3577674355354636575533585a394c6b57303549723262634534494374315235434e6a387a555a47654d64626e324b56655a372b797539586549624b304b744d6a6957684f4e30386f4c7979344f72796d64686e4c6e4a5675585a566e747569516f704f6f524b6b4b48413667566a63497a76642f797a563433557a6f57712f5432744c5634627837502b3853766d6971416f50676c544e69576d443157753234683551526d6c4b37576e79774b694b30695a656539534e6c4677456c344c4b35786271576b6f65436575556b664b637373523879582f5a48314b62736a794f656662796154357a366a6a6a4e4b302f3273433536675075524e775467694c626d334d6b5950304f307736456437336a64577939373343573467796379756d7277726369426b766666326e4a3168645a6554786a506d33364b7179332b4b4663546570666679764c747a51656f436f594a6d62362b6f677370316276796a4a646d3961764c56746c516c575a4e74447a6e627638475472333150686c5463696761653163763066785a4b5577396a6b456e35767732384a6666794a694d724e424b76394e35416f72496d5472305a7a56392b7571715854614d2f7a494f7a2f456d6576582b4e677278306c4b6169552f74632b45422b6e4f7762334255626a5a495662553569734352647857634c3157784e4c532f465148774d5336426638486239624d626642717667724a736c464c706a795569577871576e795a3243612f56715a3370346b364b7050716670484877682f5970536a52334137797973782f38363133662f6a6c7a3468575451326f5056636d5a48317973764a516b4e6e392f687a75436231616548614678384158613254635a626d6c67692f6f4a68744c536b4c56693179744b4445316c32736c774c576548577843763742734446396d62584346423366755a6e352b47793078685a626f6c436864687a6f50637566676e6841556268734d6a5a5638727837336f73647853726454786b4c6365756175516161666d5a65633833715672466665344a4861675044345449724f726c4e6d39617a67696972766d796b5661654d546c74357a314653655972506d695178642f6c4e35516f62615053596b6e692b6650494651444651704d6e5556356c616d36686648696e4a6b49713672716b75566454532b4d436e5a31636f375535336b49657070412f4a6a705a444b33346c4f334656517242307947742f6b3652662f4875764a4f6d39372b48396a6f62734c7465552b50316b73796a6f49582f6e587638436469487643394d68656361785a4e6a624662522f584877784a3474686c5474614a3836636f3974343539514653714a586948624c46622f367357372b5044356e34344a31634a784330577464636d6168614d5034437139717a614f56454a75627a6962456d315870706c554373442b6a795154494e52557157786f396e38456c484b6572697a697145616d342b2b4a79466e374f694975615571683158382b49554a73586b69746e536d3254632f69665a316770463754497a555858457162502f6d6938382f392f7a387057504d5968587758514a54617659413857726a56566c6f4b6f382b614d66356b37457661465275416c72374b59314e3138594d59785479335050484764703077494c4d2f767973796449766a4a7054464569557961692f47544b2f4a645350642b7a3434736749563837763557396b52667368795a375330737258457046344e557a4f356248386136706d6a4f654353436c45437062774d396158646142536b6e5a6e4f7a2f4c4f55736e4439344b567339543546576135725873786a516e75575557316933314f594c633867765463767238496c6a696e756c365a44312f677473444d2b7a4e72724578754153496b3977394f42374d466e7270656d416c362f2f48706658547a45332f79515037766b7832753064744d50356774517471793957565463513466476a4237675463553849697178506a425753517231585a63655754587a73647a37503452306437722f2f414b6e6d6d613738612f50707136714d4669566e756e766c61433473704b61753179626b484671544f33572b77783276645437766e387170336c4c7030694d6874514b3950424371714266304e4d32734571384f65586d2b2f4a4a4343745255464b2f46716b5a4c3962774b6a5a672f76416a31445954554637546531654c6431337038544d6d7635456159464a4b6c4b6c2b38756f717730542f4646312f343236776c797951324a553256343566506f623244504c6e37734e73724a68335437647a505135752f6b2b486f444b64576a2f503477662b533045536c6d5a4c6652445552574a2f7552726f7a63452b5948746c734f42596b79576558564f484332544e3837337666774a4e7666485052776252325a636c702b4670466453616578763758625637344675354771715a4f596276584d316470626162582b70447a56664a6171485a4e4c35705168447868574130697172704e796a4e4b6f3850502b4f53337562746732694b753870366c4975527252464a5232717061556c31772b655a65316530366b615a4870316569457036424d4572575745335747466c6c6241326a4e4f4c6155506935332f38306c395a58454448456473695768616434387234665a54794d7562782b465674763839783645346b52426c4e6e6954734539345367414542495644584e75346b52346379314455352b3435764d64594e7679555658592f2f4c674b56704b78547a4d4f53716a5871725a4f3646506c344c354d6f2f56382b656f4f736e724133767668552b78444d31704362757042786b395161626c672b723344505539306e497254305778624e3544306c3173507662516176587a6c555461564a45542f416a4e51366f336f72565937575567464c654a306e48704e6b2b304b6c5645685549467a697a656f56665066346c596b32784e6d5a6a6449554c31372f452f6c3366783775502f692f4d746264556e73563763346d494445587558456c787a77674b675553454c4172474c554a362f4f68684e6c714c66505a546e77564e71632b653951313669734e555a36764b58463273735a444b655649624b464f5669322f526a797061786933506b6470332f59505039494c49664350676c737947337a782b36397a43516553664f35466675784a665562396e37563151726879643167516c325a6954726c5774796865456556326d386c454363526f7a4746754773624e586879706f4a415374486c3838663572506e48326531435a3834387976386976662b4c746f41417674755749775654307a43756a597175316276664e32434d74786277674b78356f6c494d574f356743424b7139392f42486d64393150484b665a4c394d486c7a396a6c6278465055756a70354a37376f664a6d566d6d79714d79574d6d374a393936547179585071336546546664644a746a736e355550524e31413666386e3265503477316b71563554684d4958676c535a34464b2b3564506353684b5662536b545a2f684d73532f5966572b4e4a38367a614d7878326d646f4c66305568676e30307742726570687768706955587a2f78545a362f646f3631654d6836764d366e6a76386a5076627350324a737832565a5762577953574f6b6c7445644c4366754454497a36324b655267456768474741326f514465336469544943664d753257714b6e374f74487076414875736633563276676e6558475248716c5955633131616857597070666b564e336b49506339494e563846684d55704b633761325857725a5a5464556a574d3078567678522b494f55576f6c694b307176716d2b2f6c4b55322b59754e6f66315257596a476d744a636e764972314a784e6e4b5845365a6d67684554414b61524b68756f414a4c55593633426973382b73766e6d475246477454547430345353794c4941485a68683665703063427871694f75594e786277674b46354b6457477873544d6e3468344567375a42346c486f37516e6e58555a6b56537271392b4a4d372f4854696d72495465744e64585657416d716467676c58676c713653346c63766d4d4c6e55656f444e666455614e306b6b62494d2f7946717a31517472663662564671684b6a613968792b30734b7a6d465864504c587938587270487675537a6637472f61565a2f5477526b74387833465a664b646f77363858354b365377436f7a676d5473456164392b78465168536a484565466c5659486f774954556f59674771416b5335474173717356703651563859673861314e7756632f37676c4249514a474a45466c444e6d594d73494c4c35786c533838777632556e786646794b76414b7946393878717a373773543679792f4953592b6a7947655772504e5768494f717033726b735166757330792f772b5439736f65736d45312b30746d4a4d695a7078386d62535732775437742b55712b716e4f496c7770552f34476e6330753163434a514465587130714276385651457870556b6f3338504532797263523550314761644478716d537071344e5578484557477871514d5a414732534e4e46734a616c4577375779686e4a61795859743350314475624933693375416f48464a56546649766f737243707331383461736e36642b3854426a6c4d724f75416451574e486b4c71715a617a4e3742676c4f767565306d4c2f447557584163506e45355252686c35565a4e43483949316b6551564739354b395171576c6c75376c337373512b31416a7a48716e68746742384f6e5a5867353750496e79463774716c316c506f3966594c5465793953767235534f6170364f764b74413665396c4645794a41465368464771624a6e64786248744479457952457741476a75367977694a685645435964427a4338346f69692f6251335567566d50753043586d63493849696b7a3973777078336e3273777036743878772b647054506650455a5276307043585a394b724149584a696378635472684c58347a554b39726d727a565858584c366e73336c6b394a7a51637a38374977346e7a576e676b596d567731322b6a747842612f706d566979664e6e334b2b6e3270504664386e786171764b65513658476b5756546851537347636178715633374a2f693878597458704b2f6546396d56773574797238346a5442576b685669564f6c473837785051383877653775496a59656f6d6d4b6a51336a424749727046594954587643492b4f355341636170366b6d486b5632682b47654542535a46794956496659306461785639753965346f6b337668354c4f4b4751562b4d4e736f7538337565462b6a413555504c375347466456474d45764274356771464d7770304a48792f6f71696937376d6231662f61455554556761794a676f39426336754654544167384c794d3276685a5169714d7179314a6a456973444b4838756e3736734c5a547a6e723053515a4b376e615834574e456f71734e3953696541577432706d42354f734676477959685949556e643469416a62585976624f463968343453325151627839686b6a646861456774576854446f4f5935696f6e5545594a44594e4c564e484d5764414a50697555654c7064315732624934537868465536316e4b58746a4f5279386d6276303130396d78703677797975456d7763746c52556f786b6c32554170704d4d31384b5678392f747230326b7a717a3930546739696270623956627539706273764a4f4e55366e656e6c756444714c2b556944536b457873516d5776344b73454b6c794f36725a6276354870724b7456575a576a5370543044376d6b576545472b5939686d6e4546746e666f526846345077314e3448654e3332423069477131676459784773434b6c415a4e7173726c306b53654e706232707437657231354139676d3137567547634568596861385464677954366b71584c6a2b6731736b6c544e43613370435250754e692b4b516570646f4a796479356b774b366161744b4b772b2f334e622f494d5336576d55506f44706a74457655466547526a566b5663774a66557850564876796b564d484a425336616b6d5a2f476575564c713947763870797345526c614653542b53587a6374326d784b7470394338457837716a4a55665a4b4d795532595554496d5662664264574c426d4461493041356276502f523137476e4e307561787152575346495875646b664c764f566c7a3747366d696c46706f4f77506f3776767374476a656d78367363436d4a4a515962356762794c424648416c37352b6e503747476e34657874496a583972613673334c68632b2b4673546b65664b704b4c6d352b6d304b6e623979706e382b67442b6256757a322b6a6f4f2f3735534b796f584f7055435048746b3275495471513268435a746d51713332386f4736662f324e6a537471666f56685a4b7063636c763856633243764c6d4d45634967572f71746c74466744626367574364455366574270504b334944387251693433457932444f4347786772574356554d556444455a55626c72307a612b3937453330564c46616f64577449337463342b79592b4642646d78396a46353776677a684c397a716476333831543578664f63365075344a393667463068516c5a46787744396c34365551426233726a6b387a4d6469714a5453706a546e4a4e75613748756f2f3179646c664c316b33502f7768354f6647724c6f587134702f68516a56366a4c706964507a37304b355345716c754575314568504d594b334962324654692f2b4d2b6633636c54657558574a6d626f465771304d704b71716a737449716e74444b313457453266594a716f71316c6d513059766e6d4e56352b38586b4f4848365555792b2b774f652f38476d4f76655970337645643338566b654c524d337163536b75384e5a6930314d717370517a736b555156725356534a776c34785561677154783036686d6e2f56634a32784e615a6253783246706c743951693970662f2b4f3757714b2f324e44555962363979707543634568514342436452697836357635775346772f5a4e63396b6e6e384b63556b34324e6770424d456c4256412f556158722f6943386b4b7455704339574a2b33716c4b2b54757862784c31675742655070767558356a636e74452f3674495757346c3072456f31747643714f3646454269504533377035333657372f376544374e377a7a35737472465066636d595335787233414450477344616849323156614b6f7a66466e6e2b62716c5175383967337677415168762f6a762f695637396a2f496866506e2b64526e76386748662f445038746276574f4c546e2f68743376793237795149733653317861376c7465664c744376564b552b665331374a6c716e625754624e504d425364776462352f5a775a4f63624b6b4b6d4662563479384533656c716c7a627854316167524a2f4d5556466653654578375a765950315639666a62676e424156414b4330626178776e61726d79664a48644339734a544c75594a535a794a745948626b36655554587871397137622f76576a59725353314a4e79545a396b644f454a79456e54587a6a4e38736c6b522b5976477632533361356e37637939783455685658477355343852696b6b4a684d492b2f653061686b6c4b5545556f654c4f4e735a6b78474f2b77592b79766e7144433264507332334848685933622b644c6e2f385531363565596d316a77454f5048454736433178625063306e502f6d3776503264372b62533157552b38414e76354d6a5241542f33732f2b5766587633634b4d5430657632536d49537974334e76636f586a35352f55436f43747368686f5243464854373875762b4b4d477254693371306777685274346a51662b7a55706c516c706451305061646971574974396e71534a7351626b7937344f775833424564685666694a6f305956485375473532362b78506e6c72315a73322f7230574c4c70302b496436687643544635663978565574493070684b4f556c35532f466352657964434c6632356546334637675536683645726a7030372f56307a3330734b7672334a46484f64772b664a46507671727634424e4532634f70456c6c6742625071456f59686f52426949677732466a6a3150467638754c7a5879654e5235772f64345a662b2b5766355a7666664959547038377a622f37565437473673737a58767659314e6b624b75372f722b7a6e38344b4d38636577594478302b7a4e72364f6e4753734858725668626d5a72467077747a63484545516b4d51783758596259774b76426c6f385779554777332f30476e2f6a63364a47444e746e7437476c4d302f5868496a613276764f584d51696c4e734a314e656756753635455a6a674e4b7138367a31762f5250733164396533427543417558765048386459425349454976686d7a632b78636267524a595445616f4d504c565a667049514b41654a464a317557676148577a7245784f4d2b736f46654a666d6b3676727a33432f2b706b46544255326432664f30454248426d41426a6a42734561564b70566a37702b737147383161457442613249554849357a3739435634352f524a6845494c4178766f7977343056544248614c675242774d3172562f6e45787a2f4b51434f654f664553482f324e2f384479386b322b2f76537a50484c6b6364372f765239456f6a596e587a68427039506c794e466a624e32384250474162337a395378772f38537868474b4c57596f7a426947437464633867686a6765493859346a61563447354f6d6d2f38632f6a7375466e42566d6972544e57724863344536375a30576130753865413446724b7056745a387a786a785832624c794473513959587134685434476c4b47495a656663586b35642f7977332b6b387a323376493832564d6a3158495563514531493655576e305a67757a525a586b74796e4f39376c5a36553668507a64365655753278457a5a2f39664a63375856717451577269444749434e6576587547566c35356a646133503161745865665449455234393869537032714c477a764951416d507944732b4f3764765975583072635a4c776a5738387a5767345950764f585a772b2f5349766e48795243362b387949632b38694d7362746b4f4b4d59496e2f7a3478396d355a7a2f48486e754d625a73333839502f2f4a2b7775486b48752f66755933357544694f77754c6a4936756f4b78686736375461442f67612f2f5a752f79714f7666544d50504853454d362b63647557354254736b53554a714c534b51704a617731616d5946535548555770535265435a564e33545172616c67706434732f6a5843367954576949696b36387a4b556878426457427172324f366a6c555436593266563674505a346d3856656a646e64355a6d627832396e6c2f3852785477674b67465951454b6379436b52345a476b2f4e7762486948555a5037375344307679345563523470304a7059435a766b7631704f45787a62465a4e31417143574e4c35344a6e425a5575766c793974725a6d5232652f50662f304e3969795a51733764753946785043464c33365a34382f3850742f396f52396833344f765965766d5256535677446752616132624863656a4952664f764d7a4e6d31665a7333632f715271652b385a586550444961376c7939526f373975786a74542b67335a766e2f642f33412f7a697a2f304d7a78392f6a6a65396451656f4d68674d4f583336464b39373039744930355275743475495954446f4d7a7337347a61465669564e556a713957617861776a446b327455726e4c7477696666763238736e5833694f7462553178754d786d6b553974727339376a7630454b7177653839394c477a6552706c50744c622b4a746477784b326d7a586d61676d6e4a6963394b6d4c6a502b307835613670574e563154315375712b724c61394952566e6c6472583142725830376a305a56727034367637332f74322b786f7349346770474a597633487032397a6a2f3252785477694b4f4656364c554d4b3479415156767444586837735a6b2b6e523557672b3162716f62665a62716d3754706f7168566645527a57756f4b4a4c354232354c71436b374d687565625037627457694376323146565a57626e4439366a5547473873634f76514153397633566371493435677a5a382b79642f2b426a4c425656417737642b2f6879434d506b71597056705878614d54785a372f4f31537358654f70316279567364666e4578332b546e6676755a32526d4f5866354f7231756c35644f6e2b4674332f6b424474782f6943636566344a644f336169323766545831396c50466a4436684c67744a636b69526d4e5931717446676f6b53554959686b53744e6d73724b77414d2b3330477777483739682f672b576566786f67774d376641324d4a762f3961767332586e48734c5a54637a4f4c2f4765372f6b674274697859776662742b394555486f7a50575a6d656c69316e7659777a5664636662582b4869432b747161354a306e4a686534597463747175616a6f537a61317839576d7a3175626e6b785465323438477435342f657550445a342f6559356b484b4e6955544673326e2b59494f367a7362794b6d495133505037776265763766314b344a7754463458304c584c79386872724d5a6e7a7a2b6c584f39693062437763524450367937306d485a6e57515478692b78532b5432734d303146325a50686c6d784731756136316d5778774b6f3336666135664f63484e356d5375584c6a4d374f384e6a543736526e2f34582f347948486e36554c62734f384d7a70462f6e734a332b58762f4c582f6962746d5478647648427a2b536174566f753575666e73586b4959434648675344693143594c684b312f2b41695a7373576e336736694a2b4f786e506b6e5936764c614a35386974525a563559555478326d314f786d70705152425344496538625776664235706456415430573533554f7669486c72744473595942757472524474326375586965626274324d334377694c5872742f6778505066344f4b46387a7a777944473262392f4f5936393569746e354265626e357668502f2f78664a6b6c54746977745959796731724b30754942716c7234323877435650454b644153352f72377157793377537557444a42626371473668655637566e736671435464506e62577050714b616e30695339754c367875724c762f73504a2b756f4b4f6e6161577869312b4e7758766f3649495244683961382f657275372b70386137676c424165546b34646771724b6658324e5964632f2f6974707144712f6f684e30544b2b494d704f31376e6e335879614a485653544974493164316a55477464527646324a54686f4d2f4b386b3175587239474d75717a6139644f7475772b69416b436e6e376d655437364833365764333358397a472f34774137746d306852626978764d614444787a6d77414f50736d33374e763676762f636c566c655732546137344161494d567936634948744f3359534241453233317456444263766e4f5654482f3874726c32397975766539486165662b345a337675653937442f34494d4d526d4f656665595a767563444833514430566f43342b5a6759347a7a6543514a7256614c70372f2b2b357735643534502f39422f77746c587a6a6850524a6f774767337039626f38397354722b644b58766b43616a6e6e7831457538383933763464726c692b792f2f78436d4d382f6567347663743363506752466539395254354174654e69303477616271424759522b75497a5352507559703938644b3766496f646c396a6d3750675a64526655537171657432684e71396269694a3232616e6b33476f3676502f76377672542f356c76657236726849706472747a584c78776c6d4d474a353638724862335a752f3762686e4245586d5142674a516d6747484771665a616e394771624d53525058465334303678337a53514e5073636a35413757324d42384736327345415553645755616a6d504f6e543742332f3046572b6b4e2b38642f2b46467532626d4e68367934494969356575736f762f4d49763835455066436450764f4d446a4e4f5578553162654f7462337577456a4372726779465231484b4479467073504b6258376448717a6859444a6b3153726c36357a47756565484969794d6a53596e6272586e5965654953465456765261495a2f2f412f2f507363656659433376507344394163447078336b3630324d697a584951375048347847696c677558726a4165444c68782b527958726c7842544943717376752b77775268784c752f343932636675554d59355133762f3037324c5377774b567a5a3269334968342b66496730545174425547773569422f645742797031482b717a756278444636637967617131314539613156665250554563467a566e74596b765441614470653348337867764872314d716c3133683878686f65666641664c67797630644a346a7877376637713737717341394a436745455230693044596442714e5857422b2b7a454c766f657a33616e7943377836736c754d6a36357a47365274785047625937354f4d6838787633736247326a70662b644c6e57567676632f6e434762372f2b7a37494268332b31552f2f4e482f74762f6c76325967445470322b7749642b34456659746d7376496d363134693874627545582f2f3350382b446a62794b4b416c7042554838536a41515945654c78694e2f2f387564357a5a4e507362433071516765573174627856724c34734969316b2b636f387242412f74353475686a78456b4d7749632f386f4e382f61476a664f4b33663450655637394b324f367765764d71776146446a415a6a4e745a5753654b454f456b496f704465776d612b39745576632b6942682f6e305a36357a2f4f517050766a6850344f316c746d354f5437306f51385447426449397443682b374e714f314539486f2b77316d497a49616556317666387758363271307072552f7a757965705931576b4a6970363271692b6f366e47313971536b396b79614a6c66506e5835702f6643784a7a515a6a3474467555455563656e304378686a4f48726b6764766452562f56754763455265627248686c55447933736b334d385370496156424e45776b6e7a6f785a58555371314e664e4368424d6e5476434e4c2f306559576557315930684f7a647635683376665338662b2b3366354c373737754e4e373377337a3531386d6243376949786972455141524748417a4579506469734374566a725a75335850336d557a2f7a474c33446c3067584349475451582b656c343839773565706c64753361772f613942786e484d562f362f4b6670486e2b4275615574764f6d4e62797a73626d4d4d56793566596d6e544a734a57354d794f624e6c6d6b7362462b6f6e636a627259612f472b64377942586843547844475062396e444a7a2f7875786853567674446475375a7a2b4b6d7a54783435416b4150764442373264355a5958644f375a782b4945484d564975424c4d356a35434c67467045593954757372427061334841615142653633754332735676544b79426456714335537a6f69316231754c5870436256367971627078664677754c7a37774d48787a5276584864654443347a61656541674b2b6376452f526148446e6161416c2f564e77376773495242544767393831756c71586f6255683673317a616e62765433646e566134454a54714c514a677a50762f67794c37397968722f77582f774e6f6e6158646976693576494b5a3135366b66652b357a32306a4f453144393450417630724e346b69743277354d4147687079336b4d2f3538723075373032563959774d7862613475722f4c69325974305a78666f7a47314355597778374c372f45523435396a687a4d373169786e62456e484c70306b5875762f396746716859726e694e527950736545682f665a6e725679375236737a77394e652f78734c434c4b4f7838766a6a723658546d324872316d3273624b79792f2f4242646d787a413376763374324f574a7966596450436e4f4e59696f43774c41674d715845795a517461617a6c36374845586d35454c4b767a772b517276454b4f36496e415a7179387265734a7043656c4a612b325a4e456d75586a3933616e337677362f5265447843635752433247707a3465777269416848486a31347537766458594e37526c426b474968675178477a314a316a72622f686d502b67584a667772614154333977563755364878626b354e69334d5958474254584671755854704b686450666f5044543777464e61454c6277354d46724f676942484569396a4c2b5a41384557385174724378736e667658743737337663573345642f4d43494968463362747a412f4f344f312b5a346b726a3644345a424276382f6d4c56757a4a632f35374135525a34595854372f4d78332f336b7941686a7a333247416365655a7a78614d696a65336254367a7075346f6b6a443546665a4730684459703661754753394d7747395676473161692b695841724373705438774b63782b4561716d6356665647564536696555477450713755586b3369307647583366654f31355a76462f724269684331373771652f746f6f523461474839742f75766e56583435345246466b662f774c7765654374526f536f7463676f56626f42663643516d425a506d5a564d464c5778316e6b3362424a6a3034524e53777473656541312f50332f38352f782b73632f79527666386c594f762b5a4e6747434c6857684d6a626a7372363854694c4a70363361577a3133417145585442425754356369304c6e464b45583774705a733168687658727a457a4e30753730386c49565665385663733733766c4f33767232743950726449696977486b444d673341635159754b6c47746d3647726a6f584a425778465467707669334576554c4c432b366779416c6b573059756f6e6c627275415455766d68546538366d7962564c4c33356a592f39723371784a4842637462494b516132665049694b6b5742353935503762335a33754f64777a676b4b4d5970424c49502b6443443872794636524e6f4d6b706c6562395359692b724d34663832692f347144326439577538576c793566356e642f384e613563753847422f6674342f56766578592f3932542f44707839346743393935744e3835762f34762f6e7850372f47767366663661307641625761785432346f6b305163504c34632b7a6475356574323364793875567a614f5a78694f4d523439474152434a473435673063336c577871347133643473447a397978443246564f4d2b35326336336772334d6d5462697a536f505a2f58444e366f7a303263504243736a4867574a354e5531344372716e704756453869484d647955724576573273763266463474626470537a776544744245437a35692b38456a334c797854425161486d6d306846634e37686c4259564d444b46464c506d64542f5675492f754e3259487052304b4a4f55656171662b473339344c3774434a4779695871456e585966664268486e683869615835576177716d325936664e2b3733387937332f59472f7658502f434a66652b596b2b3436397663794b70554b615a6e454334685a5358547833686d382b2f54572b35775066527869474a46613564506b61482f2f7433325235625a314e53307538376b3176342f30662b6d47323764727672785a7a4e564a6c30394a694f5a444a36793746372f37545a4e4b6b39686c4b303270797655722b65305a67446b46756770355831564f6f486c666e686e7a4a71703550302f6a47776632372b6d6376336e54455a74365751636a617a52735945513466326e4f3775306544507744336a4b44597658324753316657535633613548386a6f586b344d50784534432b674c595444704138664b473377516c4b345834305974697a4d4f3165674356312b673979655431506d3279464848747a507852634869426a534a4d4861464b7557666e2f416a63766e475932476e4474336a6c4f766e4f4539332f562b376a39346b44524a6550434277387a2f364a396a38365a465a6d646e6d656c32615157474e377a3247477139374e6a5a347151796836556e2b484a4e794c4e31637146584c6e7650696358616b7864783636536f72697063526a6b6a36456e5542537170367375613269756a666e3931627575324e4232507373685345444763664f6b383337337261583772346a454f485779457770324965305a51414f7a594e737556612b73516d6b54527679764951384433657351613774384a51397a544d7159734d785a494578636259417759453743787355352f35517262643933484f42357a39667a4c4848336953564946676769725368524648487a73635535667573486943476157747650645235356764715a587842687333377a457a7132624d79334549784e743657556f6773497139613636477232762f686c517638593966312f52363669655639575856446b6871696455395356723077756132707662442b776333726930374c694d7246355274384e7764526b564f48542f70454134644c733751494d2f4e753470515145514a306f5543534a79512b416e466659445230744e596a717057526c4f666842516c6b6369547362456f77474431575532566d36535244503879732f39416b636576703834374c46373931346565504268686b6e436e2f304c66346e46626475496f6f672f39324d2f576f52494332534c7672514d4f4949692f4c7179506b464c496545546868505253643636427278544d7645534b36796758464c566c34455855443268796b6e466e73576d56345a724e39646e747536326d69526f6d6e6c586a4f487936597663324c6a4234737753682b37666662746661344d2f5a66784256503964696376584e746932756365316d774f413977442f4c37414e4a686546425948374e686f6e70476d652f697a503265444978383939395a76382b732f2f44453839655a5130694669596d2b6631623377446c323573304639625a7676577a577a64764b6e5965734f494b54574579716f6c6238475439785679432b4150656c31546c72526c693035424e3442724b47645639555656506146715877424f6f31784d6b2f487930705964342f57315652663870526279455045734850332b4137747539367472634a747754776f4b67437658317a454961526752705047504b2f4c336755373976454a5178416c70346d65444b684e46724132477247384d6d4f3131364c5937524747415973747352307270707178637a365174552b5a444b5867473337796f724a7157326b48335a7744635650514371716455655548566e6e436637546c723766586a582f78692f2b6a6233366c704570506c645554566b7151705557534952796d48446a5a61516f4d5339367967414c683666535058794673672f36764358362b664577544f75422b4e45394b6b31436a415577676f383056416e634d6f7331334a4e4f456756564f6d67422b505548394e3773597836417077476457585666576b77676d63746e41476136384d426874726935753370664634684533544970497958327468476932687752385339375367414c68326f353939306956462f6758433978632f71747430526f784c51352f6b4f7a314e597a547a433735566b307156515052543646644b3849684856617967363670635664577a34465a4243707855356253717657535465486c752b2f62785947584e6d51715a326544344469646d444c44767675323375376b62334b473435775546774c55624732537a2f6b45522b662b4131785652676549455263465254435a4d416d70796f32345355417149695878613164434576714933554336416e6c4c5645793536305a3553712b64746d6c372f36582f36762f642f2f472f384c6163685a4f6e76386a54345833376c496b2f7332383739392b32383355336134433544497969416139633273435a4c724375384566693377414849566b564b786c486b724c392f735239626b574761653958544542415967337265426a3170585a4453693167396f7a61394f74685958562f59746a4e4e526d4f737a5957436767464e556b53452f6673626764446732344e4755475334647230504b415147564438492f484e675337353538476a73736a2b583463704f59394170326b455275366d6b6971366a656b58684c466e794646564f67723573302f52534f6836764c4f37635065367672546a433036727a4f6d4178715a4d7771616273333939774351317548787042346548716a513033784931427250354668483867526d5a515a52776e3553724b43676f6d636b4e566234436552336b4a394156555831446c6c4c58702b5353314e2b2f6676364e2f3863704b5a734a6f49526755792b426d544763685a4839444c6a5a34466149524644566375376e6837416972415948384457506b6630367474754d34796463716a465474737256364362576e72645754714a35413955574c6e7358616138765872363376326e2f5170764534387a436b525434495356314d776e304847724f68775a3244526c424d776255622f547a367352574535692b4f342f52396f39486f724b624a635776315a4a4b6b7236524a656e6d3476723736774b4d50786465763338426d7165394258586831674c4e6b4d4e793366386674667151474466366a3041694b572b44365463645a524f304f7138764c306536646d2b4a4c5631635a443066453435673064533749675532782f5335685a385452492f7476643755624e50685451534d6f766757753358433754342f47435273625138362f2b434a6264753369794a456d78567144426730614e476a516f454744426730614e476a516f454744426730614e476a516f454744426730614e476a516f454744426730614e476a516f454744426730614e476a516f454744426730614e476a516f454744426730614e476a516f454744426730614e476a516f454744426730614e476a516f454744426730614e476a516f454744426730614e476a516f454744426730614e476a516f454744426730614e476a516f454744426730614e476a516f454744426730614e476a516f454744426730614e476a516f454744426730614e476a516f454744426730614e476a516f454744426730614e476a516f454744426730614e476a516f454744426730614e476a516f4547444267322b72666a2f41574a526b7552387871756c414141414a5852465748526b5958526c4f6d4e795a5746305a5141794d4445354c5445794c544530564441314f6a41324f6a4d354b7a41774f6a41776e58416d4741414141435630525668305a4746305a547074623252705a6e6b414d6a41784f5330784d6930784e4651774e546f774e6a6f7a4f5373774d446f774d4f77746e715141414141415355564f524b35435949493d, 'asdfasdf', 'asdfdfasd|', '1231', 'dermatologia', '3213123', 'asdfasdf', '123131', '2020-01-16 09:34:01', '2020-01-16 09:34:01');

-- --------------------------------------------------------

--
-- Estructura de tabla para la tabla `recipies`
--

CREATE TABLE `recipies` (
  `id` bigint(20) UNSIGNED NOT NULL,
  `created_at` timestamp NULL DEFAULT NULL,
  `updated_at` timestamp NULL DEFAULT NULL
) ENGINE=InnoDB DEFAULT CHARSET=utf8mb4 COLLATE=utf8mb4_unicode_ci;

-- --------------------------------------------------------

--
-- Estructura de tabla para la tabla `users`
--

CREATE TABLE `users` (
  `id` bigint(20) UNSIGNED NOT NULL,
  `name` varchar(191) COLLATE utf8mb4_unicode_ci NOT NULL,
  `userName` varchar(191) COLLATE utf8mb4_unicode_ci NOT NULL,
  `rol` varchar(191) COLLATE utf8mb4_unicode_ci NOT NULL,
  `image` longblob,
  `clinicName` varchar(191) COLLATE utf8mb4_unicode_ci DEFAULT NULL,
  `clinicLogo` longblob,
  `clinicPhone` varchar(191) COLLATE utf8mb4_unicode_ci DEFAULT NULL,
  `clinicAddress` varchar(191) COLLATE utf8mb4_unicode_ci DEFAULT NULL,
  `specialties` varchar(191) COLLATE utf8mb4_unicode_ci DEFAULT NULL,
  `noCollegiate` int(11) DEFAULT NULL,
  `phone` int(11) DEFAULT NULL,
  `birthDate` varchar(191) COLLATE utf8mb4_unicode_ci DEFAULT NULL,
  `clinicalRecord` tinyint(1) NOT NULL DEFAULT '1',
  `showAlerts` tinyint(1) NOT NULL DEFAULT '1',
  `email` varchar(191) COLLATE utf8mb4_unicode_ci NOT NULL,
  `email_verified_at` timestamp NULL DEFAULT NULL,
  `password` varchar(191) COLLATE utf8mb4_unicode_ci NOT NULL,
  `remember_token` varchar(100) COLLATE utf8mb4_unicode_ci DEFAULT NULL,
  `created_at` timestamp NULL DEFAULT NULL,
  `updated_at` timestamp NULL DEFAULT NULL
) ENGINE=InnoDB DEFAULT CHARSET=utf8mb4 COLLATE=utf8mb4_unicode_ci;

--
-- Volcado de datos para la tabla `users`
--

INSERT INTO `users` (`id`, `name`, `userName`, `rol`, `image`, `clinicName`, `clinicLogo`, `clinicPhone`, `clinicAddress`, `specialties`, `noCollegiate`, `phone`, `birthDate`, `clinicalRecord`, `showAlerts`, `email`, `email_verified_at`, `password`, `remember_token`, `created_at`, `updated_at`) VALUES
(1, 'Axel López', 'AxelLeo129', '1', 0x2f396a2f34414151536b5a4a5267414241674141415141424141442f2f6741454b67442f3467496353554e445831425354305a4a54455541415145414141494d62474e746377495141414274626e5279556b64434946685a576941483341414241426b414177417041446c6859334e77515642515441414141414141414141414141414141414141414141414141414141414141414141413974594141514141414144544c57786a62584d414141414141414141414141414141414141414141414141414141414141414141414141414141414141414141414141414141414141414141414141414141706b5a584e6a414141412f4141414146356a63484a30414141425841414141417433644842304141414261414141414252696133423041414142664141414142527957466c61414141426b4141414142526e57466c6141414142704141414142526957466c6141414142754141414142527956464a44414141427a4141414145426e56464a44414141427a4141414145426956464a44414141427a4141414145426b5a584e6a414141414141414141414e6a4d6741414141414141414141414141414141414141414141414141414141414141414141414141414141414141414141414141414141414141414141414141414141414141414141414141414141414141414141414141414141414141414141414141414141414141414141414142305a5868304141414141455a434141425957566f6741414141414141413974594141514141414144544c56685a57694141414141414141414446674141417a4d4141414b6b57466c61494141414141414141472b6941414134395141414135425957566f67414141414141414159706b41414c654641414159326c685a57694141414141414141416b6f41414144345141414c625059335679646741414141414141414161414141417977484a41324d466b676872432f595150785652477a516838536d514d6867376b6b594655586464375774776567574a735a703872476d2f666450443654442f2f2f2f6241454d4143515948434163474351674943416f4b4351734f4677384f4451304f484251564552636948694d6a49523467494355714e53306c4a7a496f49434175507938794e7a6b385044776b4c554a47515470474e5473384f662f6241454d4243676f4b4467774f47773850477a6b6d494359354f546b354f546b354f546b354f546b354f546b354f546b354f546b354f546b354f546b354f546b354f546b354f546b354f546b354f546b354f546b354f546b354f662f43414245494161554270414d4149674142455145434551482f784141624141454141774542415145414141414141414141414141414241554741774942422f2f4541426b4241514542415145424141414141414141414141414141414241674d4542662f4541426b4241514542415145424141414141414141414141414141414241674d4542662f61414177444141414245514952414141423341414141414141414141414142436a6a5a354458356f626741414141414141414141414141414141414141414141346e5a7852327a31316b6358687473526f4d573963507662505a78396e7355414141414141414141414141414141414141414171375247473537624c38647752696748335157562b6e36752b5131414141414141414141414141414141414141414141487a37466a49386a7a644433344e426535505764384275414141414141414141414141414141414141414141414b472b7a654c55365364496a6e6d6455307765347175754c6144726b4141414141414141414141414141414141414141416a552b57683435474e6a5775355a54776d74395a443662615468505575375a4f32334c5a3539626741414141414141414141414141414141414171346e5a36746838374a6a562f5030384a58447a3239484c676d2b7332416e6c6764757644575a55756d6374364b2f77415450386e6f33374a616a56366a55414141414141414141414141414141464c486e4f71724d36784576332b574e4d3556586c3732304f44313564666e4f786e6d662b36446756737668454c336e537a6434392b707350312b6578734d33592b58742b67534d54734f6658734e77414141414141414141414141416553466b7539547a634f436239447966612f78453850715335316e6a6353585a33655756304e76793349314c6f4f74596678764b7a46776c5673344d5a6d36725976544e72796c38505a357039766c726a7a64742f38416153376d776f4141414141414141414141425233654b35324a54796f76743876666c4d6f664e33586b6537343950756e3638716d555654716a4c324e33774a574b334e645a5258452b706c7636437631566d497a3336466e4d584c33314a32365a3753666350332b5451625841366235337376423167414141414141414141414146646b62334e63375853493037336553746a3837667865753030314c72385748797a2b7a314d56734b717a496e434b6c3047643057474c7a685665385737584e64307a5a356a74636e353753617a4c7863512f6b6a31634f6c356d376e6c7665754865624367414141414141414141414d6a5157394a4d7835584437323531656c7a6d71386e6f3066716251616c6275384e7570666c505035626c556d394d5766687462414b4851302b796a31547a3466535a636566616b75363355714c75687676527967334e4e613975577873365337382f6f4455414141414141414141414177744e63303178383564656538784e4e6d4e5035652b36782b787874664e726a746a5a6b744e6b62624e393962436a314c47757638414d6c7a45744d624c6f70454b787378773437515a3047796876614b3939484f465a316c6e3665476e7636472b386e704463414141414141414141414178564a704d2f4d7850664b583235307571796d6938766f3332637450435632737a4f6b7244367a49626e4e672b716531314a384b626e713456787731643365663076624f457336336159316d4d377073665a42763657343763345672565858626c70726d767350503344514141414141414141414143687a473678764b30632b46302b68354b71782b562f6839653531654231326247743455657a4f3772433779584a7959386a4c5134586459576735367364586b4c50726e6e646663395a54356130716f732f7371443675485734675833486571396c32414141414141414141414141782b77724d58447762716e39586e6d30566c323439494f6b78396c783666703048503671737a73347459514a4d4f6269364443627643614857343532713166616f3635393548336e63337850695858544d666a386d2b37795464565162503533742b6a726b414141414141414141414141444a55322f78334b3536523168665238665771755869394d4f38792f774278763945752f77417a736333394172614735314c716e6e5a2b7454417931646d336c48575130392f656c767549503137664c36742f46373476545a5752614641414141414141414141414141494d3547467264376c634d2f306e562f763873327539534f50536e582f4142346471767431355a76337839396b503561534c4b657a37784f764f5643642f567735326e713238587038367635366d77314141414141414141414141414141414565516a49562b2f714f64784d54535265334b6b2b324d6630386558546e34314f2f6e6c39486a76326c68644c4c767736524a6c6e662b6276563370306755414141414141414141414141414141414141723742476267374a6934547a7665637547626a33474a6d617871556472336167614141414141414141414141484b4a486668383753782f4672416a6e303631704e37535057703439786f4554504d714b546e7a376f4b2b4f336d543648326a37537a3047656e59614141414141414141414141446d644562374567564237656f2b55714a7868797962576d736a6a596549646b2b753477355a646c483756776b396c6755675430517663716f6a7059635a4947687935524b464141414141486e30414141434248726e776e5a7648375057464e63306a79495278356562724e69796a5563757455524c626e4c7a597a3338736c4451713747505a4750466434754d5833367a6b79726a6844726a3363562f324c435453644b742f46567a4c66745266533139315830744654394c6e6c572b4b6e39616a7646703870667062396154345776756f45755035385261794b6534314130684a7149487559494538417077376f67665a776a2b4a593539436f76696169423873454b36785677683259722f41464f46624a6b69726b79785579706949486d784652506b43766a3341712f746d496653517174397a30567653634b6a7459694878736c523541425141414141414141414138487678467163327a6d6371574a2f663354476a2b63614b7979363975537a505032685378396459713249314141414141414141414141414141414141414566746e6375747a38376b446a5a306b734b3436526f72744a3438563738656f396e324665514a596c31446d57426f414141414141414141414141414141414142433653554f486679515a336f4f486351355072364f5059512b6e62304251414141414141414141482f3851414c424141416749424177494642414d42415145414141414141674d424241415245684d46454251684d304251496a45794e425567497a424559502f61414167424141414242514c33564e2f4b587964772b4f7653505a592b54366d6631596b2b525878334b764f5665637138356c59382b52326450634d4c356c3579727a6c58676b4a66463261597477774a5a6633725643646931696f666932714277324b78702f7245544d3171576e78382b634e32386e66706d3354342b3066476a73516b5061676579783866314d3841534d71314d56347742594e6d6f537369644a575738506a69556475776c494a48765a705165554a6e6a2b4f6b3172696269497a78366338656e49764977624b53794e732f474e6574574d36684f4739703974596a4f514d35417a6550614a6b63586463474b76724c496d436a345a7251554c37786e324a77786b764b636b696e2b304e4f4d462b43516c69326d7155586850345731626857475a475274676349794c76436a6e49727a6e414f63495a34664a515753424433423078676c42525874476e4673466f2f41334c656d544f6d4d647232455a4c49534977566c595956706b354a6e50665763467a42774c6b35424a6468704b4f777a497974734869576b6b6b4f4677652f76576475544f6b4d5a4a396c7031786c6b56345a6b63344b7a504270736e50347032667854635a30316f51565a735a4d54485a5667777a2f4144664244497a696d377353306b6d706774443374742f43755a78724e383474634444374573374b51624d5858574859514973726e5a46664b2f4c4932476e4d5447454d466a4b6b5951794d6a4d6a4b6e4336474249546957626f7150345752352b384b594748746c7a486e32534552466830746e4556744f7961544759756f6c6566624a61736338516e494d5377684573625157574f51784f47417368795a564f496244684d6468524f6b675734656e4f316a3366556d3651777467346b4e355732367a6c5a477a41456a4b745546574e61436f62664b634e686e6e545269577341655046324772784e385a7a794d62564c544a6943683665496f6d596b5a69777245487449436b4457554748755a387363664932775770597775424f5531613449795256713849433161684f475a475156306b48686b34734258635a36645a436952345a4f645155437772764e4d70614c677656634d594d5447514b757a6a5a594853635557344f6d4d387663337a3256356e534d514f70326a33745747383469426a70364e67323748434653747378346362552b6a6174536771727565797a3031587057762b526e4c566b58713661764767565267484441756f346d58463767784538714d727a3956552b4e2f7565706c3964696441776638362b55517973726c635577417363524f6a7a6a71536452727a4570366e36765450575a366659526b795575464c366b63776e7037746832424671706a444859644d7447756a52677a6f574a4c657233463264316d7a50315a632b6c4f4948617270676142314a6d69386a375447735635384f2f716671394d395a6e7039756e4a306a4f702b6c33756a6f774a326c5a37424f6f644f6e57743768303675663667666e656e366f6a5763716a747239514c6459447a5042644576754a35466943376f4453574f65466a4c4e4e616b3131637a66495272743567366c2b763376522f6e682f5658784870394c6e365063462b54765556366c3331552b726766685a383743504e2b57546b6269575131625a3849384c322b66456e6c69364c56556b3853756f76306a706b2f77434e2f774457373350527950314d722b6e3076334a2f6d373146657065395658715950343266324b6e6e5a79784f72307a34566a6c77316654786b624450546f4a3547506243566b556b58533538726e6e57373366527a2f795a583950706675624561506636672b525834382f746b656356693356373437624e4439724438794a554f71306d7951782b387a3036483674312f4b7a4f6c7a39623431526c65704c6773312b444c302f546a667054696654365a482b66754c343657624d6472503131387246755430303956645458714854523163586b4f4c394f777956586c6c42323266687a6364487430326639796a55644e4a5148476d2b652b78634c567968334d737a35344d614451486257397831514d66477138543961356a5361523648546278504d594d4b4d384c58546f6e412f43392b31307a31542f4476512f5a6e79697545574c626d5170544430695a316d6947704d6e63613431503779413751397861587949776f32796f74703351304f4a306c5a77774b4c2b52647845736a784d4e715a4832762f414c5854505650384f3950396d7932586d6c634b5866667948645a32694f47766c59636f68767365367472346e324237526f354d78497a5762786b733557534843344c64546669516a6e7a714837585450564c386536564730713642514e327a73683765494a3838714b33453439786666426a615054313746653676703546544736436a624946734b79726b484b7a39754b6153697232516444713633527832712b576d3870644c39536674674c4e6d4a6f54674349446175774f4f6243345963734a533559544a68515a58444b36755a7365556537754934574f4464474b5a736d796a7369784b38577943784e3868786231747768457371784557636f7257532f744462696c342b3078324f734376444b546b416b79694272684d367973643552476b556b63532f654f58445673416c6d35665a54646d4f72776554476b69556a4b376d413044774874444b62467258346c4f4e624b6d73615259646c593479775a396c4a4a732f5258475a6b70474a4b51434169685833543736315868346b4d6a4c5664674f5179654e384d7247506547474f6549626e6957354c327a6b7a4d3967416a7864574277336152676a4a537349434b6c615846456152372b3157463847424c4a6964325445784f433468795355334a71424f54555a6e686d35346475525662673035794570586b76694d49704c7374556e676a4178567179374269426a34467951634e6973616349594b44524f5435643459635a7a486e4f656378354a465063514973424d526b524d7a576f2f44506f67654e5378575445546b6f484a5157635a35744c4e4a7a5957516b3869766771416579615444784b46706a34686c4e4a3466547a6a43724f484a69592f6f4b7a4c41704f4c4639506a46705776342f594763595a416a48766a734b445047426b33526a504871794c366338616a4974676337327a6737744d6d794773764966366c59554d2b4a566b5445786a4767764674686e766d4d685937534f414c544261572b5a306a57624f4d576d42525746737845444750654359454732734142434c426238694e4937467139676749524f6d563251747a62573656677a464c686365354d78434f646663764f3378626a4d78584136734f4a6d3459794d786538316472566d45355872544d7361433831613746724663642f4e4450456273426379526c7a7345594166645066736d42684d525868766469785a457030775a7241567038766e575751685848686a426a4575566a376d7761795862754a7034744b312f384c72356a4b366f537275777857434863772f3841515367762b4e6c2f48696638385772517636456b444f322b454255726b4371797546665a6877734b7170734d4a757338544a78556c4450375758776864424d6b524d415a497843424b43697732464c4147335a6778564433516b496e58507467474a3544567957533563547648635a69454559694f5359616f534663526173794b594742495345574163357a4c3351597a4e717a435952557a657066636268465a3757624170697657496a2f414b58346b6f6e7a77526742613456346b4a487661743842424f346365344569704a326d4d335268547a47342b49676e77796c724b32317a356e42567358595a6f4e59504468595a7468494678716d5848765a634e306767457238506c745769554b42325772577945674e55466779354d6d73573247374d414f46435a6e63504a644b77555a4d6a555654526a6e6d386f58437737536f774c6659795273486971363179314a6d2f2b6a6c7730496d774f62586e693067764c4b79617063534959314f2b6431694d6e784a594651594c4c53334f784b685349705a4448563955436f704653324a7756655a4a507850484d596d72504a61584c416c456d4367614b78724744396e4773456e4f4972474f45676f6536744a687459654842437574563435734b6b7a62584a6934466b696d75594535476f385a4d78494e55414b327a2f38414745516841574f597a4d514562524e6e6c4d447a375a4e754a4b5461455952514d43316a6335444176686949516a6b4d386d50454d2b69736c594864595a69674259566d32316f7144567434314b4651324a316a4f706c4f737457416564672f68705747356a54746d7059714336736d49555a38547a334568513155784233584141674c575145415048484d624d746f5a4b656e43424c2b474b594747744f34784b685347544d4444584d737a577243694f6f6270464b345573322b6131375a6647392b58443056565477712b4773562b66454a46495979447a77322b5269426a4772686b635a6c674349526a4677794e6a63576b516e32762f2f45414363524141494341514d45415155424151414141414141414141424168454445434578456a42415154495449434a5155564a682f396f41434145434551452f4165362f4b512f4a542b792f4b666b49624c4834394647782b4a525869756f386b732f384c6e492b6a492b6a497163534f655335497a6a4d7277707a5545666c6b5a48456c7a72576b6f526b53673447504c657a4776416b2b68574a504a4953555653456979394c4b3079592b6e64474b6655716666526d6c6371495236554a466e42596d636e42796638414762776b63712b3833307873784b3548497a675a364555657a675a6d57316d42334775396d2b42673462496e736c716869305a50654c4d44334833632f77415444385349695139454939364d66444d4879483363323844412b55525059782f592b52733945335557594675507531616f7876706b6344306b65694f6a4f526d5a2b6a43716a6665526d6854737879366b4a6e427965694f6e4a774e3072596b35794874743336366c54476e6a6b526b7038466d785169697a6a646b3539624d634f6865444b4b6d7479555a515a484e2f6f565067334e394a5a597267626c6b5a6a78714737472f43762b6b7343664138556b584e48564d364a79493450364a4b50486a57645231466c2b505869312b686f7257697461306f6f7278722f6150394e2f2f45414367524141494341514d4342774144415141414141414141414142416845444569457842424154496a41795145465249464a6846502f61414167424152454250774831475164723555337359337638687179554b377057526a58796f6366496e77526851343252564f766a755352346863337769352f68346770702f45626f3830335553485366324b78347839526a2f542f70786d72484d6e307358775368504679526c667757364d654e3557655444456c6d6e4c6a5970665a614c52535a4763346347504c484a735a756e302b614a47562f416a46355a5568754f47493235505649632f773074696a5131663250472f6f556d75546e6447484c713872354d2b4c5139534537396162324f6d78365932546e346b724a792b685255643257356347696d536a5a556f6c715a3757663668566c67523873744c39617463364d38744d4e68374967767354314d69715a6231555464477073716f6e7552426e545371546964564770367657365a586b4f706536526b487445786a2f555537736d6d79432b79584861484a42316b52316138715a486a31656b39374f6f39364d686b344d664246376d365a4b2b435470554c32396f386939794f713968446a31656e645a547156756d5a4237784963474d542b68756d4e32513970434e69586d4d6176496a713335556950487174365a366a4e4858445939794950364f4e6a474c3347547442306a326f676a706f38794f706c716e587254566f36584a63644a6c686f6c2f6a4a522b304a71577a45744976635a425262456c45397a737079656c456d7355434737742b76766a6c71516e484e416e463433544847793549556b325361354e6266416f2f707a74457859316a5673793550466c533445713964376b5a53784f30517951796f6c303758734863666369346e6c4c2f434f4363756468526869526c7a504a7375434d612b45344e62784964564a62534939526a6b6163637677305930504c6a6a396b2b722f7150564e33495372346c5765476a777a777a77304b4b58713257626e6d37576239397a554b2f577675324c7335665345563365334975312b6d33527955684f78695637396e774a64373763376d6f636846376d6f31466c757a554a6d6f31476f2f31693755562f436975314644566c464646464646476b306c4646476b72315849756936484b6a63627066466b364576305a56626956646d7474795048784b37562f4376552f38514150424141415149454177594442675544417755414141414141514143417845534952417855524d694d6b4668635543426b53417a516c42537351516a596e4b684d4a4b694e494c5246464e677766442f3267414941514141426a384338564648573362356f34387a5a4e304e766d6a57615877613755664c2b4e7671754e767176654e3956377876716e4f3634466a6e4153796d76654e395637787671754e7671724f422b56314e33582f645575456a2f516d64316d7170594a44355a4a77577264665a6b4d3156467a2b6e3566644f70456d7a743744726234352f4d484f784651496e675031572b594e682b6170614a6c56524e353332564c684d4b7075387a374b595458616a35653577737a4b616b306566735651374f305268757335682b583363304c6a587865697964364c4d6a79566f6755784c355a764f386c2b57337a4b336e6e444d4c69433467754959574a437a71377266335370677a487965627a4a535a756a2b634e566179755437576133677246545936536c45335472792b533074752f374b70786d5671566334354b376c784c69566e4c6b726a486575724b58457a52564e4d78386932634d33356c544b6b334c437755336c53594a71306772754f4f6134797435732b79304b746643595575617162364b70766d506b477a59623879706c644d4a757346544445314e786e6875744b35425a4f2f7457542f52544e753457552b79754a5958336770747a556a684935717071446d2b4f7478484a544b36595676556d3262686f4e566c4d39634e31704b7064424c7573312f702f386c5536473658494b396c7643616e44506b704f45697067794b6f66784c7068493572394a7a386153636769342b5370486e68573566707771695a36595464754e5844556575463374395637787671724f423831764146626d3656764332716b344c56757546442b4a53557770725a486c6c347751687a755650446f746d33495a34564f3476737157695a5533627a314e356b7679784c715676504a547067477964756a4c54437a7a3571555155395679494b72685a665370484a66704f536d4d31503468684c6b5548444d494f475238564e4f667170615957346a68744435494e4679562b6f356c5574752f77437971635a6c4e64736d3343393231454e4568516e646b776c674a6b76647454614767585672743568564e526973486349744b4c5375687a56577545303647655678346f36757369634a364c6f4c494e55686b4674486352795568786e4a56784c78436e4d305450326841557a6d4558536c754a335a4e5a524f5856653748716d326b51636b36496579327350674f5951633349715934584b735a6a436b356a4357716166464d5a70645331774c73432f79516279356f6b354262586e4f324731484c4e4d4930544f79642b314f3759686f7a4b444279516150694b325a345849746d4a386c496f743055745555446778326f38532f705a41594e6267304a7a3962494d2b72475252674f345464715a3254763270336248616e7977622b3732416451676445303442646a346c35366f6f4a6f51474442305247676b6d393848517559795532386262684e65366451735a4c64633865613935462f75546e74716d4547387561304152634d70727a39687036344e4f41547831385365364b616832544f2b41374b4a3355503932446e444d4642345659453462387831556d77586c6636654969774d496d706e69646d746b336e6d6e44716e6578353444746835714a35654a64335254554f7962337743696675555076684537706e2f626944304b4c436e744f59436432565234576f764b4c6a6d564543696476593838473973596e6c346d494f75415444684e4d50524872644e77636571444f6c6b59622b4e69642b784f374a716b4f46755744783054782b6e437171536276546d6d6a427263416e6e72346b39626f48414f30774853794c50704b62453073693751496e42765a46345651794d4e4f374a6a42784f7850375552717063303175695036624b5769614f714177415465742f457366354c746735685569697a5641386a596f744f5254344438302f74674f79636e6674547533734e55796e525a62674b632f524f653775706c462b694a51556b473644784c687a7a474247466649715951637154784e566250654e5551477a774c34424f547579506232474c5951664d6f4d617147384c56737835345335344679476a622b4c493547345657425963314935712f435548744b71486d465844347559315457763362336e67355037492b784a6e717044506d567332486535394631354b61724f51585159414b6f35753858554f4a716b70465457305a6e68512f682b797159566f37526277767176797a74476149457370634d302f736a6875744a5534703867704e45677149567a71716e5a716f716b4c5a7477715162793571586a4c634c736c4d5a6a432b53326a504d59534e3271706a6c4b494b687174317757384156487045674a44435a594b675a595a31486f70634c64417043376c4e787571577151346c4d71536b464d385476476c685261374d4b6f6565456a6b7134666f704654615a4c66486d4675754374454b6d2b493270786d56377871667358696c31374c6665664d71323932557545644d4c5a61715463314d7151556c745863497938662b6f5a46467268496854623659575638316265474e6e466353347634584756637a7733524e54694879556d59534336715a344170444c35426f2f5655754569706978556a687174384c6363724546634b34466b5056627a68354c657633556d42584f47675567716e575a39314943512b525363504e617431563175335638654c446b7331636e4777563771514579716f76384162386d6e4433542f41417439766d7268577372534b34566b566b56776c5a4b355757453362675736505035546c53656933484171384d713450735759342b533461653633337a374c636142387634572b6934472b697342343637784e576245502b31653769656975312f6f7669394678667774787233396776632b726c76414139446853326233667055337758427576737972763075726b6a75464d475977336a6652475577526d4434366f71714f366c7630677238694262584a426b526c4a4f56314d71316f57764e794c6e736249644674584d705a79617041534745335a364b635863682f534f616b30534332444f4a3266514b574c6d546c44626e314b6b30414b366a566b51784f7a565243383341545734796965623333637453637965666970754d6c7853373278614479624d4b70356d426b464e786b747334557362777a2b3630674e2f77416c756b45445241636934547870626436327365373946764f6b7430624e6d707a556d2b7738306b73635a32354c387547397837535663517a647948494c5a4d3452784f564c5249654c444743714963677472474e55542f374a56785276486c706a766373697278346b75366d4a7664727849516f5964317464434443686d6876464f794a4d70753079526137497152627457366a4e534448422f56625573424a794c69742b4e354d73743174396636477868385a51627a352b77584f4e6c5651514f76384156735a2f3061475869484949302f6d786a78486b46573831502b3373314f452b36706278482b45583552486677715a7a4f5a4f4a6565534d654c6c79564d4d56486e6f4676526a2f414c524a4f684f645649544239756678484a62642f6b67484f414a5533454254615a6854716b56553879594d724b6d4a455a396b4845457a3078335841716b5045384a46375a716d6f543055334f41565263414e634b433454306d6a492b7170613845715a4d677167524a53613448436d747331494f424b6b4c764f515663556d7032595159484e4854485a686d374f574f722b5157326a353868374d4f4839546c735964674f49364b6c6f6b464c4e78796145587634335a394d51304e6d554861345464364c6178624d35424272424c3957693255455448784f504e55742f4d2f45486e6f71654b4a78486f716e4530446d746a2b4747575a434d78513038546a78464176622b79482f796a456947377668565558503459663841796e78493771577575657145556a5a774965534c57457468444d367259776d3737724b55713437763456546e37334d2f2b67685736644877614b69466e6c4e474e4734797134706c44354e5457773238484963797437656a6368796171767842746e5471562f314d626361424a6f557a4e7348545644384e4162666e4c6b694964332f453562654c6e6d4a71694456527a63464a7a6147615a7564695851694c35744b3979332b35586331673658553833616c4d65496b6d6a6c374e4f57685571474f366779563374595030357177767163315331306b41544d6a6e6748437a6776647364326376675a2f4b726945784864634b476b4e5a7a564c553869514c6a783946517a575a366f4e6475517838495477786a544d7a6e4e56504e547634434d536b4f2b6d5a79526678784f75534d574f616e4941586b5a6b616f31797973305a4243474147616e4e4f633256386e486b6a514b6e6465617269756e4535614e52714d7038526e63717472576b41536230567a552b616b66793261444e55775141655372696230524d4e496347386955366f7a66793043445a434777615a7077456d7a50467a6b6f59593259615a30367238334c3651746d317266335456546a552f582f7732626a494b6d454c444e7856546a494b5547484d6655553173554e3373694d61494c5445642f4371653174504f584c43626a494b634e6d3771354e4555435472416a35504e786b462b573254667163714745752b7149566f317172695768684141646d706d6a4c7170796c777777715768624963542f7467787677356f4575414362596945307a767a2b546d4937507279577968575a7a4b7061694735707249634967675a7573467332457663654a32714c6e5a38314d32615034516130534331636368716a45694556484d72386c6c767163693938536f7435414b644971427a2b547a4a6b467334646d4b6c7545795a42624f414e336d35617531554f4733346e494e436f6869702f77426c55343150504e516f627547353734466d626e32415650504d2f4a37764947697062363454612b586b70785875663079436b424959446b52634852623855793643536b3053474637455a45636c4c62663471647937366a34622f3851414b7841424141494241774d44417755424151454141414141415141524954464255524268635947526f5542517353444230664478345442672f396f41434145414141452f496671724d644c2f414851704a7755395a367366335330626f744e4d6d734437655a2f684a2f6e702f6d702f6735783234654f6c7970585a57732f78552f7a552f7741744e6b6a6876375864302f4235527773502f43692f4d48784467667966624d34334475523233746e392f77424949465767513648657a59655a70397541674248555a79634b666f4c7737505a39773553716a7a317456497373313655766237675979383449556d784b5372683268634e4a6232664a434671445a424630752b33347a427939754a71686272562f5266563732786879576770342b3331775532756339384378486e305356723555666c6e694a626c745a39734478447779782b424937612b426f364f754431366841756e75515230626a3173646d70714248426c43423934686753626e32656858676273732f4c376f757176717a53323361615149315665763652545445306c766d6679704e466d5851646d7a4b6f6a3379612f5a4c6176346f524c54646d50496361636441566f4c5a786a7a4e6765684b4e585037556c4855396f50525531684f686a4a4d4e6735336c6b646b634635473369466632523969792b4548627841436d4f574e744f5850524b72705150586d6966444e676d7668374531312b7655445248724e4739544d446775374361556e737379754835365767706d59592f4f573138374757597a366839677938377062516d53676a484730364e4946556b62374573525854586c336a494b7a7472446339506f506b7950464e6c2b6149306937394b55585a595a5a572f6d56343666457a7a414c65546b6a7459647550726a385448377979303771784b44547030774e4b7a6e615856337976544f31333079506c644877626c775651744544452f6f4d654244517a55526f4b376b446f52336a74413870643533494a6347354b6d422b58695a566c615054676a38786333612f7645415273645072464c6f4c5761525767344f764e46595a4c2f4d704a6736484d43326a4c446f46374f505370395131397038344d356762424e4f2f6b64446646646143304c334a637166654970365961544f5a2b30353461514e4e6d73512f77445a4873656a7a474c55494247577a3579386550724c555a39684c586474465674316d71614e5a6e6a3878364151733949464b5861446c584a73654a5161506c6c3847664978652f4e7344752b54764f3964424e6d6e47524b57303461547447386a4b4b4e377548694f4474616b62426e55516b6c44526c4a592b426a68706d5251313132356f72742f5649437342465933593854413950796d7543596e67486e70617077663277736246424b7072493377397633543154714e44414f6b2f77413644487a61504d2b666a2f356b315038414f69797135564e5739545a6752664a755377795770666d61664c4e646b6c4d764646494e4e58536933614d74612f596656556b344d757a59697171367337556930446852434e3245536f4b4a67624436436230364c393551656533744f3754486966306e454a357a4e616a706d744b753935382f43496161766f3653697a6b58684c48483934624e573863614b776d4b2b4c73385445484c3436572f412f7830725575463770385031562f41576e6b546f2b62712f77434f6d422f435856336545773146633447574845644c79536d484f486a4663737250375065663275382b62366b54615554534548764e4243686c367642657a4f662b79336c6768325979573670322b616e5a6a6d647248703239507166545350416a6f7148642f48547764624c56316450424b5063725067686c494b4241594c4843526e32367a2b7a336e397276506e2b74346558486a7a304f666a396e365962757575445238644c6a326c4d637839543371635639714378377a7859756435477070505735377a68516f46446b6445506742376f6e656c6a6c67614676464c57375669355456435559465739346f50637543425777503249494b725167752f422f525a774f682b484f6976745477495031507a302b58506c644e7938586f4b486752324f2b476832666e6f30394372326d2f7743366e44456475684e6f7953544e4652495649496a69334c4d6362335a326d5173356550457334456d2b3354382f6f312f44706e343335367a576636312b7046423364483869444a4b702b336f376673515548644437683075486645734f4d2b684e397a52345954745558334a386c4d4e372f6c6d77526f6373524730746e715159506450304b764d644441646e54386a44712f7258366e7952687064794b78777a3343516244784652794c6e69715334374567583252666a6f2b364a6a69317262687159574d54653543465271623935386c434864752f655a4e3275377630386d444f385336562b5464615336457674716564743944364d64445536756239547576456a4e365851556d744870332f6b6c396132656a4b4133323852746d6d75774854344b62437457636c5338396854336e796b7a54712b6866576f75564f78436f704b344e564f65786e7a4b5561434c6259616e65324c4f4d5830374545395250715741504b576e713655384b39347a61673079384e4d7a7a4c435a476d75314b51413278356c78372f784e70384650786678505a66756e7a6b7451367575384a3852434a516173416462523366376d4d445a6a75797a46376f7a61693279787442524f4d4e70582b38424161754952577766553166733951695755377856646d565473345a544135664d596b70477945546655345a6d763934686a486f56764e534b303537394d664650676e346e392f76506b6f616458586e2f6161766a302f77444a6f34472f4d7a4e796432576f6d6d656969332f7a302f414539576e36756b6a38524e4d2b486f64455839474f536f595a682b343764356e74476e6545395832475a2b4b51786d68774f6739515078503750656648596164617174373743616c56366b76736a71494b7a5636496c4b6258575973342b374e443443416f445668673754473237366656344533664a764356614d566459696750574557594765353078303747434f5a384a4d4365567a306b44724f4b6d372b4a66556167377a344b6647364d56343069716f6e3973796c552b4a594a793754784671577444646956637678412f717645413463644d6c2f534948334c67674142515950724d794e377337542f41487936596a562b4a716a593544383950593734675a6f4e7a556c523277316d745a3430594c516e6375553134515279527971394b544730424c6f4f316d30742f517a4c536e69324974754b4667742f45316d4c3569496c72466f616273414177544675383975333175376a6f384d4e4b766b6c646e3464453348347758446236474977496d7a4c4d46326d784d334a63614d3261384f59313344552f7742615a66547a544a4f50516d505675497835375052696974366d6872667a356a684c57435179796f746432553438486c2b7678476a2f41434a6f63416a4b3750472f51746c6a694373612b637a2f414b54576159656d6b663167665079453762325455505178456254796569394c41315a374e49464851627862625a516a4d70526e637a5158725050614151554e443742596444542b55597143462f704a57696e70696e44764e4352372f77417a4d71664d4e2b537149382f4354757663694e727a43394634584d7372393337516a51786537756d53395756356a785a38734354426f48324c3042687152645537663935526a63426c55343367565152373942545253626f3959633537542b67697644775456563639654e4f575a665038516b354e416c465a33622b5543696a5437496c6c4f6b74473765364b3541345a4962514a336a4e544139554574306f2f696e2b64426450596965486c6a66787a6b44797746614333676c4c3672724b426e335772396f51536b736c366e65547054384f476669546d6141504a4c6c3950676f6a55774f364479335a6843613770763975516453347471306635796141764239636c5862444c5032556a556f617442436478356a752f644b683763773051503737527278785a304c34714e77446d4b7731444a5a2b6935413850344a2b59564953456d353057444b304756394a697a53545366585a7538416172784676656549486c6743726566462f65596c4c614c4441524144565a592b4e396a676c586d577356704a70376e4c444167324470597a4c5161737955374f7435514766694a6b5a4e542b6141413043756f736a44727278654a55473969494751446a4d4d6d4f526a326732362b41654a6c566277736941465265715831564f5937776655396774383961615a636539782b47706e66757975383935704b6a5456335551366f39303231426c70425a6156345841416f303647616e6f635458745a46744e486c736276704e4d6e7258776253746d755664587a2b69395966546176457268364150646751516148772f7a4c2f77447532434841426f48316677536437737a77322f374357483465636454774738676153496246336e387938505a6c536b702f737162495843796547562b5967304f784436734b59486947695636695879555972704e304661463371626944672f4b4b574863792b2f3841345575544731744444334c6c2f52576d4575687362752f39516c4b6a5458502f414934522b334f3842556639614d5879663238503035702b777244306d4d707042386f776d6e685979793076493636626f6d57693248502f414349746631666b5a717a39674578386f3357752f774374687177474a4d7137742b3830454d43796f4e3773446b546369426a6173752f5342432b4b4c415668734267654965415645414c496f46554133594f704a72544c485045656c667268632f4f646d553550646e64754a78424545794d5972426a636c6f6d57315563412b777859594e32576875647834764e683643304e7071342f4e4e515a2b4936497a6e39496139344f553941505549432f6d3839615872614d316d504b2f704a7a5257734b68362b485a776434634147307163752b444c366a6e7070774f7559434c625a683671445853312b64747a4b4e2f49483852454d6179744447765639366a7658695551636b6644695a6d32586c78334d6662344c667352617857413772784f394b4f2b7a3267594b33507a2f434f6e47322f6a6d5535697643642b554f6b56566f2f774448614159794470487a4a4d7858386e675a6657454b5547657a753853304f3379626e7753306855416450506d596774364768343778534c393778356c706c2b446541516174447159714d7977326e6e2f724f52436e4d35356930783452776f6362675252477577437362356f50393269586662384476467030594c6c674146687a4d4d6c394b4c39336f623763545939542f4d77585a32307255642f4f78616e36617652554e68737a496d2b616a683853462b356c793350584d7657504c2f38414d5661536c6239435a4171464c4534536148794b4a6f77506d375476516e5437644b546456655755313875374365594e7370774358577168467a3634534275504c35597068444f6d4f4b6d4c58395032435650686d674a4c346c4f4841654f4a524266674e43437051624e556759786f2f735747377a64732b494176497265574f594c4e334f575633595969592f344a56654e4c66776b426a4b43305459384f5663466348456f465159747465753032535a62516c67316a64385174325453463879746c7a7337424b306b716c612f69553644594e3967346c5946755455617442743076586d61504e6339587043746e4e323863662f47316d3879784d7237573949794757374536793157696344696c31364b43316f4a3475426765737638416f335778444a63546b44565942534e6a3166676d665757654c372f5a367a655a6966347239694c57552f776d3070744644336a466c47412f42416a58745432746d6e6d4e6c6f324e324755574d3848387378644737757843347a78755946414730376172643551452b4d7a4f6d614f43397654374f4d697875386548457a4e483134614f672b59446468477559616a34526f2f6d4b754550344a326a4b6d4e76396f2f522b452f6d564e4341734f4965716d3853746f4f44745034627a304a724a455541356946745773665a314a6731575553647a2b57474138764c3063434456596a523653355a444c722f41426e6168545a7a316557552b4974764a6c3976462b30344a7549326e4936455a685674575661312b35396e774166734a376d467139467548725276454677333968426767324f687371696871707031634d32556e396a6f63736f76554b6546357263545a7656626670762f3267414d417741414152454345514141455050505050505050505050504c6e7650505050505050505050505050505050505050505050504d71542b75765050505050505050505050505050505050505050506450505078505050505050505050505050505050505050505050504f76504850505050505050505050505050505050505050505050504f70335076505050505050505050505050505050505050505050503744566875765050505050505050505050505050505050504f5132355479495a386d505050505050505050505050505050504f565165784f484841444c325050505050505050505050505050504b5a58785053394b51782b2b64665050505050505050505050504f33634d6a6e674a56483059345666505050505050505050505050504632466731574172503959635a767650505050505050505050504169316958414967715a4c5046416c505050505050505050505050444d565a6c64763765712f4f77514e7650505050505050505050504c736b4631336a6676363745536c562f50505050505050505050504d7a4c484232463276504639326e335050505050505050505050504b44496b3751367a4f37666d4a5450505050505050505050505050505032512f547052664b624d50502f505050505050505050505050504c7a57745943676f5739534450505050505050505050505050505050506877786264626b5972665050505050505050505050505050505050504437304d726638417a7a7a7a7a7a7a7a7a7a7a7a4578716d304e6c542b4668767a7a7a7a7a7a7a7a7a7a7a7a7a2f777453494f537a33793931667a377a7a7a7a7a7a547a7a7a74492f586d52376b342f7a33364f675457724c4a727051536f4a4b46507733332f7937333378302b38303033323838382b2f3139392b33377a7a7a7a7a7a7a7a7a7a7a424c336d7775447a7a7a7a7a7a7a7a7a7a7a7a7a7a7a7a7a7a7a3258723136505a667a7a7a7a7a7a7a7a7a7a7a7a7a7a7a7a7a7a78323758345835337a7a7a7a7a7a7a7a7a7a7a2f385141497845414177414341674943417745424141414141414141414145524954455151544241555746786761475273662f614141674241684542507844794c496b6673775849745250585468546c74496250313179756659327058516d5179617672706d49756473726166394a36473639524b6a4b7244394b665a596d39442b456562476a354161445932586f70552b3148354c4d6e6b2f345636524755566f32436a483157766b2b2f6b505154567954423870434858516e4f684b396a52364e595a5a30487a6b6871507a4c57595a70474437657a75593265455262445272424246516a4469455454304d612f44473070504e5147586657525a44394455445649697946543251736964437946374c702b705562727a5049456e414c504176686c556779512f52672b46774a455364665274356458354e33354e44633245774b4e456245727248773050356a2f41496d2f6c54495941595742755977613745716f4a54676768767357526d733238727245652f67324637527650423869566d7739634a7a397a50752f4d385a694f6d59643752304d61625644596641326b4e76516269495134736a374953504f30647745575862344579493268736b4939457259347768744a544136433130496f397362766e54684143712f6f683454396a5a577045344e544c7766496d5247784a32465053687144495044702f384144356a4c647358555a3275496f673233366962516e354c477a387349685177594a325934526a6735356f2b55686d304c7378756c3557634962346e6a53706f72476f4b3944637775457178756e584534307077516553594e4f4549705451614e4f5436512b4b55764e4c785369634b557053736f3353697370586155724c3555694a695645715945712f56536f3330685a775734513364634a35774e58366c65754c78654c35502f7841416e455145414167494241675943417745414141414141414142414245684d55457755524241595847426f5a47787764487734662f614141674241524542507844714b693574504d5855736834456f704c4a5a35594254457a4e654c7645487939614c6933344f2f4d6259484d484a3343336a58504c37426a326b503668456472384d4562504b6b4174673069455a6677514a6f494b447566554d65786d5478593532665548794d68624c666f4a37412b3259334639797250326878654d743573374d46747673787531376470587033354144716d4d364e6573356b66715659677a32623977545541796f70555555544d72384c376e61312b6f5176725630377a4a747375654a722b355930684543365951514b7936424b463341464f344c5536696f6d3869394f774c64594b73334a7334696e666c43523753354974326f364b69616d4a39516a5872793471656f4f535551352f69445a6656735874637539387859436138357a4c304a6458715a54744c323056745042555a63666958646f7832657239442b5366576d784e45335252646f3041307a4b423343717a4c77364a39736e37796165726975397972335a42675a6a73786b5864797a4c686857506149725a6c53417377744f4a5265325a58334444523671454a5a2f496d493157344e566645357a3973335046567a38736f4c655a637237456f7a786a72706b6d7a3954504839444765354265534e78736c47354f4d304546743341626d6f4162575950787142547231676a36556671634d6547486b5133533443676b6877424657354c56567356706e6c6a38412f317742523177436d63424a512f77416a4d3673646d4a4b516c6e6159646f4661462b30375366637565765750362f38414e77443546424b59685a4d43332b34426c72336d31532f4533715071443666482f494f6a2b5a6c694761504b4932696d6f2b755837773547614136725445733878707a46445542355931775a59304c58775770376f4372596b39616e6677524f494f324e5761626c7a414955454f58676c785575427937384b585854415777745850536736524157784662346741555231596c52524b4c78344157694b42624333625845357353714e7855347a3677654845637149595339314e536f3555664d6f4d46453271483554427a467636434a642b486f6c62746742344a5a5450644b56554d54754a586d554b6963537433416b435149564b336343616c4a547756717057376741715675344664536a555668745972433877734463774c575a694c3635386f48756a476470556235676776634932376a65325a6c6f4b412b557064784c674455533441524c674f702f3851414b784142414145444177494741674d424151454141414141415245414954464255574678675243526f6248423845445249464468385442672f396f41434145414141452f4550795641565944576c6b437875367837657639705a41376a7339707162724871475057503754486f6838746a306e7a6f564351475232614e756b764472367a2f586f5a48376231394b2b612b35664e6662506d6b6b3555644b78364868664e584449794365543172366c383139692b612b74664e4c6f336c4844792f7134415a69783544666d74496b795a3548557144616f2f68427455477854493364486b766d696f444d5a573636763959355044445a647870475372595934476a2f4667617743566168597a5a506b50474b4141414157412f7268694e414a457070696767304a2f676d325264646d594e726a2f414745504d65667248763469417379784463384a4a594e6656756570362f3246784d71506f664e59554c423967713251584d6d2b586d74456b6a6b647830613377685138343235707a6f4d6e4a6573474950632f7238564c7974466e557a4e57746c76463566484e514652664430396e30704473456349726e7a2f5869445a41695232725158336d4b7868305033614e7037503353506d6a38556b415630667971594a533747546166367a6a47626a324b5954756c78386a39314a79462f674375665776584d464a5a383777374b6e7372416e517a526b36315a656c5151543344356c366b6c327237706a79724245685a482b6e6a674f6f6d776130684b7877397a5474353079724b33553932704d54617838366e6776704c587241667849536c634d56676b3276724364782b4b4d6c54625537564d3136356451773034736241663841685167455247346e394a733562386d37785762413373477855396239427364576d6233445950435a4c594361753976647853734475567035354653346330497056314458764777316a713369547a38456f5245776c526f506c6e3771425855334f744d6d7958612f553036596f77365a33577961503945367454345a79356f41414c71564a7a5933562b6e684b3474646a725561595a4c447651716c6d6f39544c556b62436d664e7231573353726c587131464f793177696f6161624f4872554d4f3153586c6972497830662b54557a5a64697a7434444668747252424474366446482b4332485a2f64434941736d585a2f66394134684368474f787a375550415631714633422f3166414d6d79686866305568744b686d2b57747549546736476e686a4234516562533451676c4a612b326e72546f647a2f64534757774b68616d5542764a365a707961614348776655485675644770364c6d6942314e65745732746b77394b464552524d4a56733466593631666c466e78744e544273797974522f4f76494d32793358536d5436716f5a3357727a42624e2b66424d344342687965654b5656737364586a6a7768444a30633944576f797a382f6b594b77624254736459364b6e625733677a6d6f62736a695372424972476532764e635163596657754f7a4361496552636a30644b58424767724467424b744a4332687a325046526e31422f3268524559544456324c4e2b4739426c71346248446b6f5377685268507a42614d49304370626850414d465870725a523765434667577744645678716633476b414647414336304f426d304f726434725944674369726f754a764f50326f67594439786a306f496f43304c4254454b374366656832436670723036373256784f676d6774475958657a6a74577379786476767033703649614f7651314e6d3474486f374e4943494752473555614d444f3363354b57587a4f7770656f615372654d354e6e616e6c4935585856326663666d635453374d48643971446f596274496b564d727656774f7679324b6c3767754e44546f554573417136555a4a43783066756e6572596537735551575449386c38317363677a3044576c6445595364734872585241466a7978514b416d424d4d4b6c31306a73326173684c4f3553784f4f7437314e7937624f2b75703631385167506d6e6141766d6557377052475377686d73324b753663504e4b2b6249614e41674c4250705a6f4b41694d49365663445265485270636f414f654b5636516a6a6a387053514371364254364f693246673871686b3336416f43565943694e67766e4c4c322f565a7a646f62366541367636556a4f45477251515154486e67346f4a4942624935667053524b737a65644932346f47465a44435366446a4334554d4336362b313261457664533566446a6664694d53525437656a6f31545a3571554b59544c73305544437a5a4e6e4f3943424a353264456f2b722b647a52706c4469754e2b31434c306f6237392f43566d337a43736d43696432547a392f77417154454964427a36445234307a544e536b745830534d39394b6d35506e6d7235316d2f764f787130596f414f4b485a714a39313971414962654b5936507436685642584c46796458587970576868657058505376734e6c43666d6d32727874544f7749755450725832757a513659516d5436562f31483670415a316d5349794e4556676a53524d2f41714e6b535333447073364e46346e6a394e4862544b54477438696f5433692f7a34546f6b72336a4b6b525249544e542b32456e5571533248366366332b56486a5a5135574432714d47514f786677464f7a5236346f7173724b3561684575767976785558704c3233377833704142746342533573415a67445971557945474e70704a454f4931305062356f4755484a75455071563637543648437676646d6a4234527a6d446d72317342643272353161306b504154486e4651786c7871332b763670485443534e6a6a396436436242455052724f386f647a54307137473637693538316142466e332f7742726a73587058493947723653716573583966795a524e6b4859506d616d354435762b56457347577350496836443978345764686a314737373051624a504d3958307034696c6664764643427568584551464659476f776a53574a35667439314f613964703944685832757a5267384d41536d3661753748684c78547a586842736545546c6f487166354649666b66565270674d2f49384e37307a557073765a382f5035504b6a3957756b41656c633148337162514c356e2f4b31756a387a55416777577132554b5831752b6161556b5235532b39636172315043476c4662456c4f70524f5161426c6a4a39314b67575267526b366436564978437a4537464c454551693730676b6341706347334e5461474330632f716759374a414b675147356f59576f54632f632b66346234782b5a2f6c4f4b31415a6653504472416e72556d32547566352b53356666336d6c5031596f7a5263687350646f514858336162796231426541656c4b7465313557726c48325868664a7164415662516a47775a4b4463624969433976667530434361537044656953524b6f574b43344a414549522b4b6849554532527039613145326b4b61614f373236317a4a766d4653376636542b416c747641756533674635463855764d5079557a61483674474f75506f556f626a55472b4875314e324266576d30385646474676536b613350576f567436517668412b73666e5568562f4f4948336f385659686a3741314e79594f615073396d6f2b516770786f6e7a355646596f6a664d464e4165546461365338384a3856474e7653522b503457445a65373447633139526e774d6464566a6d48354c6a79506f73314f7468726a4e665775454a374c544335512b564352634964363144564855732b314c445141386f6655726a6e7154772f774372457451436b765942445579533438677350782f326e4942556a5672396c73307841456d743256546368324443312f5477672f79492f77433139714d4e474b527a46497a6d4e63306845697757676a6e6d6f7457723745664e65396267423552346458532b74506f6b586b48372f4a7364414a35512b316454697666777a3852665a384a6a4d68354750534b4a4e694436617a53425a65347365767655424c77586c53505a726e4a6649705a46336f774733746c5a71587a4153556d6c4d4f4b2f58624e5931455a47383658766a7a38666f3845726e3938784650525848564d784662636e765866567159306d50584c36767055454d6937387457506b43656864714d6452642f38416e6878456c544649576e647436422b54494e68573954357153684b672f50687049683750395550304f446b71534d4232482b65315749757a6a68374d556645705837725a4d613754486c63373178623736766851676476596f78302f61707161715148466c66526256634373454536486a48767648346f55416c54414657435753645039716a523047356738367636415564582f4146706270636e4c55434d7135632b6e765550616f36433157706b756568656a526c77484c5742346e73522b54454b5236672f7967634a42445759694b705759386f6132636e6750325644635a4e6b714e4f79504d43694f61594d35303334616e657556596b764855306f62674f7737496662566d6841324258334f797670384b2b3032724230385a76756a7a56426b6e6257515a767331337851535762724b3157674353397732312f4c486e517a6b4f7a766f664e4171414b74674b4f78423336732b52345a492b31366e615436426a316a792f4c654c45373754737956654a6e2f46384541496f6e5a6f6d4e47446d6c6e57654f6253686c692b6a413235476c6867325276746637514d6f356b672f56393649385844464634767669686b6b7853434a6c6c4d7a6a5334507446594f6e6954494770413874526d7a6c4c72344f4b4f586a685750373971585732664e7538464b53564b6457745a546c3962564e696e754737526c796b42576d77753775744f73523463484879392f7741764e4b51786e516650616a6e6b59617a2b486e7a5636494c44636f434d4950744a34585953596630504874516243467a4f79647969595246356671626c59686b697848374f476a424d41705136726e5a70452f4f4947544a4f39433574373147533565315937564c5662324476696e4273307372312f53682b6d67523361494c774866355436556946367953763357705157494d44596f44496d2b674e3676794c4f5131586c384a6b64693358713056544a68614f6631336f51516744515079383079786d6468612f576c5753735932626544795374666c765534454c3442345167764976302f717068797046685063614b5343324d395444365555536e5777646d3963414b4c33564a4a776a41494d2b74435133496f4c4f613173795a34614330427567554441584e666c77566e6b3632657258326f37527544356a38557654574f6e4273564a7863374464717a53395679392b68545946537251365146396f7142414541566949524c6b61666d73654e775a306b7156734f773054687164596d3461636e6777534b3431364b614b6279474f6a733030466f51684b506c657170674a336d39796f5a52754d485a6f63436a4351386d614779594c6554676675766765654e5049494c6b7669382b6c447632615269684649364676504647736731727656384d517073724854646f744a664d35572f77436c4d57796d7051336f555475712b34303134533459746568372f6e3461653937754b596772594b57354d67303550435a794c4c7730556a5a5a6d423064616e546a314e6e552f5649704245794a63384d57706f4f504b766e5a66464c6150303271326a4e6f65797077726448776b5074554c485678566f63764a41367574517a6d67684164436b524657367574485a537a73646179454f372f414a5561466e5737506c6f3735594167442b6768474334383862697450617a71626a71564a523555302f536b5379306643495350544c7a6f4b4e306d45374b46693767594e59552b7233563969586e5133335057736e304a38566368646b58724657346a704a364b673542685341374654516244513765434170334a6e7056686731645872516c69633434446a6d682f48414c422f5258326b3269384e4b456b734e6a6f3071455536626e5370666c43332b71584157676a775a6c6a635972444b643376517458723458306a304659354e764574653741714c6268537a74537541676372326f3255794179485672306f4141415142672f7041514252434a5a7041427232796e5454743555384e4533487658517953616e3176624a574a44724457625870656e4d5076722f734b7970377130476541724945344d2b39516964383053636c674a5874543179374a666254765561517a566437342f71455145794a4930796f2b7042355971566442442b3471536c6871592b6c4c77727368373144656f626e6e517a69394b684d626a55456f4e5450516c714856366e447a6231496736776c64322f39634241445a4b3958514e42342b7478586f72702b637a69577636524e4d746833655057734d6573613930592f645a5036585368695976767454687761326e565969727354774873616e306a62677831673971574257775539416d62583163486e51385878786536444d5567454553524e66344c42624a714f30714a774764482b61554b414a456b652f6874704a765443394646774247595353632f6e4e7052494e4b734131576f79365953656376474b437744416e494a753678563946426b664a4e6f614c43306f67436853436244592b67766c724730594a6a7257656a5a35734a574b704549504337324833474f615547363749446c7439696a377a516a2f414c547a416141754e6c354a594b784f6f6444786b373042776f6d375143547652637030496f394e494a575677564d536f6d457933305932715272533777624579387469696d7751633244486437564c36356b3778666a386f6b6e4d457272734774464d714d537649412b49683263324677587148765249526d4f4f63656f343070526f374b37304e615a5642724e5432466978556f5a4d596733342b3949356f78456870617048496e3872714241414941305043486750644a367677564d5a546c54625050476c45585a79394958616235724979483053306e65536c7058646176384143515a4b5768676a6b6a4579566b44574a593959497237787561753876536e59476c67707a377539464a6541666c3761614733734370636263684b4c6974646d53514e744c6b37387234796952496c3769597077665a6741646c44414a694d723168447451527a625a436a54675a71496e624c74454659315975314a79634d54416744593379315a634d6664614b77544273504a5a65527073534b774465797a52737139795473457a745775766d4b383074514b6e6d2b39312f38417756537755794c674f5830714642376d5a2f674b412f64644135707055304d4f7549302f3952567a4d70675a502f46316965463739564f76716d5335746f687358617742454549505936646376385245444151364c436174624f4351443674517947777370642b58506c5769315169543474526e527536486569537931776a485a5233317772442b6f38462b6c574b4862447a6c616277414145696b51316b7a2f4f3058714337394370686e713830352b4a54744567415769795259597036566941386b6a546139613972596b54567045496c757254666c6d6a676a596f61426330455a4a58544e2f69674361436d70316f797853704146495543464e445847463676686f5a69526b36375632383265574b4a4b624178533047565151417078656d5341534a71564256386f6934327a517443744d4130347355454f4a547257566e697746436b4b62624c5a6f3170796962556f43724155505147414c4c74556d556f56534f4b675748674c336176363171574f303445364976324c61564e415545496568347136496e446977374938595a6765366e64324b62547632683055306a512f6a424b546162652f705344437a4a304f5a766f58314b4b51634171794e6d766e2b446c6f7067445142683450474c2b516f414a673731645266724a4a4d6543414d693033655033556858516467506c7257454242496d787137474b736e43334b6a30477738716c574446354630476a6a75303846767a6c355851395678544644774b4869614874316f69304f42754968373161494343694f51456b735a58765464434d5a7a466a34766c694e483058373642713461566d514f61646a636359326e4e5242434f7a4341597873476157684c4141754a2b394b534d7342626737376564572b554379576c617531444254676d3370484c4c7055336a4f4477476a3331714266517246467272726e464c65477370546264374b6a6f745157524f6a64617447435754595038382b5645784d68795748594a566357706d775772724347764a76304b4d6d4d34586364626a42547144414975324e666d6f4b616b5178336465617477564957677a64337464306f346943426359486e627561476c5a5a773338376246534144636651625164796d634a6b4d6579436e4d574a37464b43435354446b38435a49467339536938764b72337757674b6e5a6d683673425374695a584b2f46414c6d344c6a786f7a7250385649795a67384a52536e4e2b346b544e5852504b6d50494f78553257544f3556544b7446324f79356f5336514c2b43496d3465636b5a4a376c4a4a4f3342386b2b615279396c492b6c67725734656d36557853434a535a6558474f4a765157435a584c75744b67754e4b59304479323631654e707935764f3772516859676d2f446347645767597a51554c43424e754b545777746a3262717931646c43557743366b533852526368786d6e5158683675394f5932547035763061554731304c5a4e703871554b794e767041386a6654516f596c774d787169496c3363625645676b494f52644c4c64566a327177737275753648634d6a456f6c6f596e6d6a6b436a416a5165544f586970444b69325a55692f617336415449472b30662b30486b77733432304470666b714869467a41373475305243386d7954326e586d6c2b456d386b51724d68474b734532354d594e4a784f616a6d516f654e4269427a6436566655366e457243356272512b594538717558726d6c6b443538395431635936305241564b306b3567544d5261536b4351516a68734d4470336e2f414f4e51436d595253795772464162444b7661745846523762306c45496775676549324e41364937372b446b774a56594172635a532b6f56705754546a76493349593178534144496b6a5250446c4542556f2f79673568654f574b69526c545165414e79642f3664304b5a57436c304d55706f6a664b3957436e62703141473249644c76536842635233587972554d41537266544c55306445745a6a58674d71315a63476c66686d3764674f4b6a536c6779374253554b3244314b4277395179377254757a4b6f3739327431614c4742425158714a4161706a3050656b396b7059535261436c4d717763486f4d6e4c2b6e4c4d53627751304e715447517752446434324e6131624b584b31586d6d6c526a79445437745266595367367539307471544f3455757472513747616e4c4550704742397530335172756d67484b67524467443336304b445036594464306f336f4d7467574a4d44316f31797349767a6b6653695242694a6d4f7037302b2b4e3859736b546a50394f5034355241464178466c4e705059324b354f7a35336e774b6f456f674b4a4e6e443244726f657257476b686a303246504c5865526a315a37556539684f70724c557944584433394c706c71554d6b4d5242736568525834534f49454476457a5141414542676f54584b464a6c6a594b5a614c796d4a616469442b6e5a333877304c753731436c565a7a486e774e684b435172766b61454f6a4b77485a566c76674d42344142666878722f6c524e443033635358796968514e6f50563366416c6b6c306277616e63554d5055544870514668596b45326e51345078762f396b3d, NULL, '', NULL, NULL, NULL, NULL, NULL, '06 January 2020', 1, 1, 'atooleonardon129@gmail.com', NULL, '$2y$10$uV5gOasq/yDQGmZ6hz.DhOmVnssqT7UVRRnXzUG88TJWY4/KfWYxu', NULL, '2020-01-13 09:48:59', '2020-01-17 06:11:56');
INSERT INTO `users` (`id`, `name`, `userName`, `rol`, `image`, `clinicName`, `clinicLogo`, `clinicPhone`, `clinicAddress`, `specialties`, `noCollegiate`, `phone`, `birthDate`, `clinicalRecord`, `showAlerts`, `email`, `email_verified_at`, `password`, `remember_token`, `created_at`, `updated_at`) VALUES
(2, 'Mario Medrano', 'Mario123', '2', NULL, '', '', '', '', '', NULL, NULL, NULL, 1, 1, 'mmedrano@medico.org', NULL, '$2y$10$z1ZjYFT/juNB3aLboPvGNeTBXA0qdJkwcfoP0n.KSiYrSPOayyK5u', NULL, '2020-01-13 10:04:45', '2020-01-13 10:04:45'),
(4, 'Mario Medrano', 'Prueba', '2', NULL, '', '', '', '', '', NULL, NULL, NULL, 1, 1, 'mario@medico.org', NULL, '$2y$10$5r5jIgXqw0GUQP7AWtXvceZ8AMaaF8BJhm3ZZKySXyFVH9tKgPvke', NULL, '2020-01-13 10:33:03', '2020-01-13 10:33:03'),
(6, 'Prueba', '123', '2', NULL, '', '', '', '', '', NULL, NULL, NULL, 1, 1, 'prueba@gmail.com', NULL, '$2y$10$CEp17rxliqcIl36W3aQ3U.K66e1DjvFrOnrYzq82hdFMOG2gGGmpS', NULL, '2020-01-14 05:07:56', '2020-01-14 05:07:56'),
(7, 'Axel López', 'AxelLeo129', '2', NULL, '', '', '', '', '', NULL, NULL, NULL, 1, 1, 'axelleonardon1296@gmail.com', NULL, '$2y$10$xCMJqtHVjcqlh3MHVtYoBO9i0zTf97ar9pZex0BR5sft4MW8z25lC', NULL, '2020-01-14 07:14:09', '2020-01-14 07:14:09');

--
-- Índices para tablas volcadas
--

--
-- Indices de la tabla `failed_jobs`
--
ALTER TABLE `failed_jobs`
  ADD PRIMARY KEY (`id`);

--
-- Indices de la tabla `migrations`
--
ALTER TABLE `migrations`
  ADD PRIMARY KEY (`id`);

--
-- Indices de la tabla `oauth_access_tokens`
--
ALTER TABLE `oauth_access_tokens`
  ADD PRIMARY KEY (`id`),
  ADD KEY `oauth_access_tokens_user_id_index` (`user_id`);

--
-- Indices de la tabla `oauth_auth_codes`
--
ALTER TABLE `oauth_auth_codes`
  ADD PRIMARY KEY (`id`);

--
-- Indices de la tabla `oauth_clients`
--
ALTER TABLE `oauth_clients`
  ADD PRIMARY KEY (`id`),
  ADD KEY `oauth_clients_user_id_index` (`user_id`);

--
-- Indices de la tabla `oauth_personal_access_clients`
--
ALTER TABLE `oauth_personal_access_clients`
  ADD PRIMARY KEY (`id`),
  ADD KEY `oauth_personal_access_clients_client_id_index` (`client_id`);

--
-- Indices de la tabla `oauth_refresh_tokens`
--
ALTER TABLE `oauth_refresh_tokens`
  ADD PRIMARY KEY (`id`),
  ADD KEY `oauth_refresh_tokens_access_token_id_index` (`access_token_id`);

--
-- Indices de la tabla `password_resets`
--
ALTER TABLE `password_resets`
  ADD KEY `password_resets_email_index` (`email`);

--
-- Indices de la tabla `patients`
--
ALTER TABLE `patients`
  ADD PRIMARY KEY (`id`);

--
-- Indices de la tabla `products`
--
ALTER TABLE `products`
  ADD PRIMARY KEY (`id`);

--
-- Indices de la tabla `recipies`
--
ALTER TABLE `recipies`
  ADD PRIMARY KEY (`id`);

--
-- Indices de la tabla `users`
--
ALTER TABLE `users`
  ADD PRIMARY KEY (`id`),
  ADD UNIQUE KEY `users_email_unique` (`email`);

--
-- AUTO_INCREMENT de las tablas volcadas
--

--
-- AUTO_INCREMENT de la tabla `failed_jobs`
--
ALTER TABLE `failed_jobs`
  MODIFY `id` bigint(20) UNSIGNED NOT NULL AUTO_INCREMENT;

--
-- AUTO_INCREMENT de la tabla `migrations`
--
ALTER TABLE `migrations`
  MODIFY `id` int(10) UNSIGNED NOT NULL AUTO_INCREMENT, AUTO_INCREMENT=12;

--
-- AUTO_INCREMENT de la tabla `oauth_clients`
--
ALTER TABLE `oauth_clients`
  MODIFY `id` int(10) UNSIGNED NOT NULL AUTO_INCREMENT, AUTO_INCREMENT=5;

--
-- AUTO_INCREMENT de la tabla `oauth_personal_access_clients`
--
ALTER TABLE `oauth_personal_access_clients`
  MODIFY `id` int(10) UNSIGNED NOT NULL AUTO_INCREMENT, AUTO_INCREMENT=3;

--
-- AUTO_INCREMENT de la tabla `patients`
--
ALTER TABLE `patients`
  MODIFY `id` bigint(20) UNSIGNED NOT NULL AUTO_INCREMENT;

--
-- AUTO_INCREMENT de la tabla `products`
--
ALTER TABLE `products`
  MODIFY `id` bigint(20) UNSIGNED NOT NULL AUTO_INCREMENT, AUTO_INCREMENT=10;

--
-- AUTO_INCREMENT de la tabla `recipies`
--
ALTER TABLE `recipies`
  MODIFY `id` bigint(20) UNSIGNED NOT NULL AUTO_INCREMENT;

--
-- AUTO_INCREMENT de la tabla `users`
--
ALTER TABLE `users`
  MODIFY `id` bigint(20) UNSIGNED NOT NULL AUTO_INCREMENT, AUTO_INCREMENT=8;
COMMIT;

/*!40101 SET CHARACTER_SET_CLIENT=@OLD_CHARACTER_SET_CLIENT */;
/*!40101 SET CHARACTER_SET_RESULTS=@OLD_CHARACTER_SET_RESULTS */;
/*!40101 SET COLLATION_CONNECTION=@OLD_COLLATION_CONNECTION */;
